datetime,hour,co,benzene,nox,no2,temp,humidity
2004-03-11 17:00:00,17,2.9,11.2,243.0,135.0,9.8,67.6
2004-03-11 18:00:00,18,4.8,20.8,281.0,151.0,10.3,64.2
2004-03-11 19:00:00,19,6.9,27.4,383.0,172.0,9.7,69.3
2004-03-11 20:00:00,20,6.1,24.0,351.0,165.0,9.6,67.8
2004-03-11 21:00:00,21,3.9,12.8,240.0,136.0,9.1,64.0
2004-03-11 22:00:00,22,1.5,4.7,94.0,85.0,8.2,63.4
2004-03-11 23:00:00,23,1.0,2.6,47.0,53.0,8.2,60.8
2004-03-12 00:00:00,0,1.7,5.9,122.0,97.0,8.3,58.5
2004-03-12 01:00:00,1,1.9,6.4,133.0,110.0,7.7,59.7
2004-03-12 02:00:00,2,1.4,4.1,82.0,91.0,7.1,61.8
2004-03-12 03:00:00,3,0.8,1.9,33.33333,47.66667,7.0,62.3
2004-03-12 04:00:00,4,0.56667,1.1,21.0,32.0,6.1,65.9
2004-03-12 05:00:00,5,0.6,1.0,30.0,44.0,6.3,65.0
2004-03-12 06:00:00,6,0.8,1.8,56.0,71.0,6.8,62.9
2004-03-12 07:00:00,7,1.4,4.4,109.0,104.0,6.4,65.1
2004-03-12 08:00:00,8,4.4,17.9,307.0,141.0,7.3,63.1
2004-03-12 10:00:00,10,3.1,14.0,187.0,122.0,13.2,41.7
2004-03-12 11:00:00,11,2.7,11.6,216.0,143.0,14.3,38.4
2004-03-12 12:00:00,12,2.1,10.2,143.0,113.0,15.0,36.5
2004-03-12 13:00:00,13,2.5,11.0,160.0,116.0,16.1,34.5
2004-03-12 14:00:00,14,2.7,12.8,163.0,123.0,16.3,35.7
2004-03-12 15:00:00,15,2.9,14.2,190.0,126.0,15.8,37.0
2004-03-12 16:00:00,16,2.8,12.7,178.0,120.0,15.9,37.2
2004-03-12 17:00:00,17,2.4,11.7,150.0,119.0,16.9,34.3
2004-03-12 18:00:00,18,3.9,19.3,206.0,149.0,15.1,39.6
2004-03-12 19:00:00,19,3.7,18.2,202.0,145.0,14.4,43.4
2004-03-12 20:00:00,20,6.6,32.6,340.0,170.0,12.9,50.5
2004-03-12 21:00:00,21,4.4,20.1,274.0,149.0,12.1,53.3
2004-03-12 22:00:00,22,3.5,14.3,253.0,139.0,11.0,59.1
2004-03-12 23:00:00,23,5.4,21.8,300.0,134.0,9.7,64.6
2004-03-13 00:00:00,0,2.7,9.6,193.0,113.0,9.5,64.1
2004-03-13 01:00:00,1,1.9,7.4,139.0,97.0,9.1,63.9
2004-03-13 02:00:00,2,1.6,5.4,83.0,82.0,8.8,63.9
2004-03-13 03:00:00,3,1.7,5.4,57.66667,61.33333,7.8,67.5
2004-03-13 04:00:00,4,0.86667,6.2,109.0,83.0,7.0,71.1
2004-03-13 05:00:00,5,1.0,2.6,62.0,65.0,8.3,63.6
2004-03-13 06:00:00,6,1.2,2.9,53.0,60.0,7.2,67.5
2004-03-13 07:00:00,7,1.5,5.1,139.0,77.0,6.3,71.9
2004-03-13 08:00:00,8,2.7,11.8,256.0,96.0,6.5,71.6
2004-03-13 09:00:00,9,3.7,15.1,295.0,119.0,9.6,59.7
2004-03-13 10:00:00,10,3.2,12.9,250.0,126.0,12.4,51.2
2004-03-13 11:00:00,11,4.1,16.1,296.0,158.0,15.6,42.2
2004-03-13 12:00:00,12,3.6,14.0,239.0,161.0,18.4,33.8
2004-03-13 13:00:00,13,2.8,12.3,153.0,124.0,19.4,31.3
2004-03-13 14:00:00,14,2.0,8.6,118.0,102.0,18.0,34.8
2004-03-13 15:00:00,15,2.0,9.2,119.0,116.0,18.4,33.6
2004-03-13 16:00:00,16,2.5,10.2,138.0,124.0,17.6,35.1
2004-03-13 17:00:00,17,2.3,10.6,148.0,125.0,16.7,37.8
2004-03-13 18:00:00,18,3.2,15.5,227.0,148.0,16.1,41.0
2004-03-13 19:00:00,19,4.2,19.6,277.0,165.0,15.8,42.4
2004-03-13 20:00:00,20,4.2,19.2,279.0,161.0,15.7,44.1
2004-03-13 21:00:00,21,4.2,18.3,283.0,159.0,15.3,46.8
2004-03-13 22:00:00,22,3.1,13.1,214.0,143.0,14.6,48.6
2004-03-13 23:00:00,23,2.6,10.9,172.0,130.0,14.7,49.3
2004-03-14 00:00:00,0,2.9,11.0,190.0,129.0,13.9,53.6
2004-03-14 01:00:00,1,2.8,11.9,174.0,119.0,14.6,51.5
2004-03-14 02:00:00,2,2.5,8.6,128.0,104.0,12.5,58.9
2004-03-14 03:00:00,3,2.4,9.7,89.0,86.33333,11.6,63.4
2004-03-14 04:00:00,4,0.96667,5.2,70.0,82.0,12.1,61.1
2004-03-14 05:00:00,5,1.2,3.7,53.0,70.0,11.5,63.1
2004-03-14 06:00:00,6,1.0,2.5,44.0,63.0,11.6,62.2
2004-03-14 07:00:00,7,0.9,2.4,74.0,67.0,10.4,67.6
2004-03-14 08:00:00,8,1.4,4.2,101.0,84.0,11.6,62.7
2004-03-14 09:00:00,9,1.6,6.4,118.0,83.0,12.4,60.0
2004-03-14 10:00:00,10,2.2,8.6,144.0,98.0,14.5,53.1
2004-03-14 11:00:00,11,2.8,10.9,176.0,114.0,16.9,46.1
2004-03-14 12:00:00,12,2.8,10.7,161.0,119.0,19.3,38.3
2004-03-14 13:00:00,13,2.0,7.5,113.0,104.0,21.2,31.4
2004-03-14 14:00:00,14,1.8,7.5,103.0,102.0,21.4,30.2
2004-03-14 15:00:00,15,1.9,8.2,112.0,107.0,21.9,29.0
2004-03-14 16:00:00,16,3.0,11.9,170.0,129.0,22.2,28.4
2004-03-14 17:00:00,17,2.9,12.0,180.0,128.0,21.3,30.8
2004-03-14 18:00:00,18,2.5,12.2,160.0,121.0,19.7,36.7
2004-03-14 19:00:00,19,4.6,20.6,261.0,157.0,18.4,41.7
2004-03-14 20:00:00,20,5.9,23.1,325.0,173.0,17.6,46.1
2004-03-14 21:00:00,21,3.4,14.7,217.0,146.0,16.7,49.6
2004-03-14 22:00:00,22,2.1,9.0,146.0,121.0,16.3,51.0
2004-03-14 23:00:00,23,2.2,8.8,152.0,119.0,14.7,55.9
2004-03-15 00:00:00,0,1.8,7.4,104.0,99.0,14.8,54.7
2004-03-15 01:00:00,1,1.8,6.9,106.0,93.0,14.0,57.0
2004-03-15 02:00:00,2,1.8,7.0,108.0,88.0,13.4,61.3
2004-03-15 03:00:00,3,1.1,4.4,68.0,60.33333,12.6,63.5
2004-03-15 04:00:00,4,0.93333,4.0,66.0,71.0,12.3,65.4
2004-03-15 05:00:00,5,1.0,3.9,88.0,74.0,11.9,67.4
2004-03-15 06:00:00,6,1.4,6.4,138.0,80.0,11.4,70.5
2004-03-15 07:00:00,7,2.2,9.7,228.0,89.0,11.3,70.2
2004-03-15 08:00:00,8,5.5,25.9,360.0,114.0,12.4,63.9
2004-03-15 09:00:00,9,8.1,36.7,478.0,149.0,14.8,54.3
2004-03-15 10:00:00,10,5.8,26.6,394.0,157.0,17.4,45.6
2004-03-15 11:00:00,11,4.2,20.1,319.0,155.0,19.8,38.5
2004-03-15 12:00:00,12,3.1,14.1,201.0,134.0,22.0,34.1
2004-03-15 13:00:00,13,2.9,14.9,171.0,119.0,23.3,32.2
2004-03-15 14:00:00,14,2.9,15.4,159.0,111.0,23.9,30.0
2004-03-15 15:00:00,15,2.5,12.1,153.0,104.0,24.4,28.9
2004-03-15 16:00:00,16,2.3,11.5,143.0,99.0,24.4,29.4
2004-03-15 17:00:00,17,2.8,14.8,156.0,110.0,23.8,31.3
2004-03-15 18:00:00,18,6.1,32.1,314.0,162.0,22.5,35.4
2004-03-15 19:00:00,19,8.0,39.2,404.0,187.0,20.4,42.5
2004-03-15 20:00:00,20,6.5,31.0,320.0,165.0,18.3,52.6
2004-03-15 21:00:00,21,4.2,19.9,256.0,145.0,16.7,57.4
2004-03-15 22:00:00,22,3.2,15.3,193.0,125.0,15.7,60.2
2004-03-15 23:00:00,23,1.4,6.9,89.0,101.0,15.3,61.4
2004-03-16 00:00:00,0,2.1,11.1,127.0,103.0,14.1,65.7
2004-03-16 01:00:00,1,1.2,5.4,79.0,88.0,14.8,60.6
2004-03-16 02:00:00,2,0.8,2.8,43.0,61.0,14.8,59.2
2004-03-16 03:00:00,3,0.7,2.3,31.0,43.0,13.6,62.1
2004-03-16 04:00:00,4,0.66667,2.6,59.0,59.0,12.3,66.2
2004-03-16 05:00:00,5,0.6,2.0,38.0,52.0,12.8,63.2
2004-03-16 06:00:00,6,0.9,3.5,82.0,64.0,11.2,68.5
2004-03-16 07:00:00,7,1.3,5.1,99.0,70.0,11.0,66.5
2004-03-16 08:00:00,8,3.4,16.2,263.0,97.0,11.7,63.7
2004-03-16 09:00:00,9,3.7,19.7,229.0,95.0,13.6,56.3
2004-03-16 10:00:00,10,5.3,25.1,396.0,150.0,17.8,42.9
2004-03-16 11:00:00,11,4.1,20.0,314.0,162.0,21.4,33.3
2004-03-16 12:00:00,12,3.3,18.3,217.0,154.0,24.4,27.4
2004-03-16 13:00:00,13,4.0,22.3,252.0,161.0,25.3,26.1
2004-03-16 14:00:00,14,3.8,20.4,263.0,161.0,25.8,23.2
2004-03-16 15:00:00,15,2.8,14.6,180.0,128.0,27.0,20.2
2004-03-16 16:00:00,16,2.9,16.6,184.0,129.0,28.2,18.6
2004-03-16 17:00:00,17,2.9,15.8,190.0,133.0,28.0,19.1
2004-03-16 18:00:00,18,3.4,17.8,184.0,139.0,23.9,25.7
2004-03-16 19:00:00,19,3.9,19.1,181.0,137.0,21.3,34.8
2004-03-16 20:00:00,20,3.2,15.8,166.0,143.0,20.4,36.7
2004-03-16 21:00:00,21,5.1,24.9,317.0,177.0,19.0,41.3
2004-03-16 22:00:00,22,2.6,13.5,184.0,138.0,17.9,45.9
2004-03-16 23:00:00,23,1.7,9.1,130.0,117.0,16.7,48.9
2004-03-17 00:00:00,0,1.7,8.6,132.0,107.0,15.5,52.9
2004-03-17 01:00:00,1,1.2,5.4,95.0,90.0,15.5,51.9
2004-03-17 02:00:00,2,0.9,4.1,70.0,79.0,14.1,55.6
2004-03-17 03:00:00,3,0.7,2.6,54.66667,72.0,13.1,57.9
2004-03-17 04:00:00,4,0.73333,1.9,54.0,60.0,12.7,57.9
2004-03-17 05:00:00,5,0.5,1.6,28.0,40.0,11.8,58.0
2004-03-17 06:00:00,6,0.5,1.9,46.0,53.0,11.9,57.4
2004-03-17 07:00:00,7,1.6,7.5,160.0,84.0,9.9,65.2
2004-03-17 08:00:00,8,4.1,21.4,320.0,108.0,11.1,60.2
2004-03-17 09:00:00,9,6.6,36.4,377.0,127.0,14.1,50.0
2004-03-17 10:00:00,10,4.3,21.3,280.0,134.0,17.7,40.1
2004-03-17 11:00:00,11,2.9,15.4,221.0,135.0,21.1,33.4
2004-03-17 12:00:00,12,2.5,12.5,210.0,142.0,24.3,28.3
2004-03-17 13:00:00,13,2.8,15.1,204.0,153.0,25.6,25.6
2004-03-17 14:00:00,14,2.6,13.7,161.0,123.0,25.9,25.9
2004-03-17 15:00:00,15,2.0,10.4,135.0,104.0,26.8,18.7
2004-03-17 16:00:00,16,2.9,15.2,186.0,129.0,29.3,15.8
2004-03-17 17:00:00,17,2.5,12.3,147.0,114.0,28.5,14.9
2004-03-17 18:00:00,18,5.0,27.0,299.0,158.0,25.9,16.0
2004-03-17 19:00:00,19,7.6,38.4,411.0,194.0,23.1,26.5
2004-03-17 20:00:00,20,6.7,35.1,347.0,182.0,20.5,38.2
2004-03-17 21:00:00,21,5.7,27.2,336.0,180.0,19.1,42.6
2004-03-17 22:00:00,22,2.8,15.0,202.0,136.0,17.2,44.1
2004-03-17 23:00:00,23,2.6,15.7,178.0,127.0,16.0,50.9
2004-03-18 00:00:00,0,2.3,13.0,154.0,116.0,14.8,53.9
2004-03-18 01:00:00,1,1.4,8.1,92.0,107.0,14.3,55.4
2004-03-18 02:00:00,2,1.0,5.5,61.0,88.0,14.8,52.1
2004-03-18 03:00:00,3,0.7,3.6,68.0,69.0,13.9,53.9
2004-03-18 04:00:00,4,0.66667,2.9,60.0,78.0,11.6,61.9
2004-03-18 05:00:00,5,0.6,2.5,37.0,57.0,12.0,58.9
2004-03-18 06:00:00,6,0.7,3.0,68.0,71.0,10.9,62.1
2004-03-18 07:00:00,7,1.5,7.7,139.0,85.0,10.6,63.3
2004-03-18 08:00:00,8,4.7,23.3,339.0,124.0,11.5,60.0
2004-03-18 09:00:00,9,6.6,35.8,421.0,151.0,14.3,50.6
2004-03-18 10:00:00,10,4.5,21.3,349.0,150.0,17.8,40.5
2004-03-18 11:00:00,11,2.8,14.3,224.0,152.0,20.8,34.4
2004-03-18 12:00:00,12,2.2,12.5,171.0,139.0,23.8,28.2
2004-03-18 13:00:00,13,2.2,12.2,149.0,133.0,24.2,28.7
2004-03-18 14:00:00,14,2.3,13.1,137.0,126.0,25.2,24.9
2004-03-18 15:00:00,15,2.2,14.4,149.0,128.0,27.0,17.8
2004-03-18 16:00:00,16,2.8,16.8,172.0,169.0,27.1,23.1
2004-03-18 17:00:00,17,2.7,14.5,166.0,149.0,25.8,23.9
2004-03-18 18:00:00,18,3.7,21.5,214.0,156.0,23.0,26.8
2004-03-18 19:00:00,19,5.1,26.4,280.0,168.0,20.7,31.1
2004-03-18 20:00:00,20,5.1,26.0,276.0,176.0,18.6,36.2
2004-03-18 21:00:00,21,3.2,14.1,178.0,135.0,16.0,48.4
2004-03-18 22:00:00,22,2.1,10.3,129.0,121.0,14.5,57.8
2004-03-18 23:00:00,23,1.7,8.3,95.0,99.0,13.1,64.2
2004-03-19 00:00:00,0,2.0,8.9,126.0,106.0,12.0,69.7
2004-03-19 01:00:00,1,1.6,6.6,103.0,96.0,11.9,71.1
2004-03-19 02:00:00,2,0.9,3.6,48.0,63.0,12.5,69.3
2004-03-19 04:00:00,4,0.6,1.8,20.0,32.0,12.3,67.7
2004-03-19 05:00:00,5,0.5,1.3,18.0,28.0,12.5,66.8
2004-03-19 06:00:00,6,0.7,2.3,56.0,61.0,12.3,66.3
2004-03-19 07:00:00,7,1.5,6.7,115.0,99.0,12.4,64.9
2004-03-19 08:00:00,8,4.8,22.8,320.0,157.0,13.0,61.6
2004-03-19 09:00:00,9,6.2,31.3,357.0,166.0,13.6,58.8
2004-03-19 10:00:00,10,4.0,19.2,253.0,149.0,13.9,57.1
2004-03-19 11:00:00,11,3.3,16.4,218.0,135.0,14.5,54.4
2004-03-19 12:00:00,12,2.8,14.0,192.0,127.0,15.5,50.1
2004-03-19 13:00:00,13,3.0,15.3,176.0,122.0,16.1,47.6
2004-03-19 14:00:00,14,3.3,16.7,198.0,135.0,16.3,47.1
2004-03-19 15:00:00,15,3.5,19.0,212.0,139.0,16.4,47.5
2004-03-19 16:00:00,16,4.0,19.4,249.0,147.0,16.1,50.2
2004-03-19 17:00:00,17,4.6,20.9,270.0,158.0,16.0,50.7
2004-03-19 18:00:00,18,4.1,20.2,231.0,146.0,15.8,50.3
2004-03-19 19:00:00,19,4.5,21.7,251.0,144.0,15.5,50.6
2004-03-19 20:00:00,20,3.9,19.8,210.0,138.0,15.4,51.4
2004-03-19 21:00:00,21,4.0,16.7,249.0,143.0,15.2,53.1
2004-03-19 22:00:00,22,2.2,9.1,143.0,116.0,14.7,57.6
2004-03-19 23:00:00,23,2.1,8.3,127.0,109.0,14.2,58.3
2004-03-20 00:00:00,0,1.7,5.8,104.0,92.0,13.8,57.9
2004-03-20 01:00:00,1,1.6,5.2,86.0,83.0,13.9,55.9
2004-03-20 02:00:00,2,1.3,4.1,74.0,81.0,13.9,55.6
2004-03-20 04:00:00,4,0.83333,2.9,44.0,55.0,13.8,54.6
2004-03-20 05:00:00,5,0.8,3.1,42.0,53.0,13.6,55.1
2004-03-20 06:00:00,6,0.8,2.5,63.0,67.0,13.6,59.0
2004-03-20 07:00:00,7,1.1,4.3,115.0,91.0,13.5,58.4
2004-03-20 08:00:00,8,2.1,8.9,170.0,113.0,13.8,58.0
2004-03-20 09:00:00,9,2.4,10.5,147.0,102.0,14.6,53.1
2004-03-20 10:00:00,10,2.6,12.5,166.0,107.0,15.0,52.3
2004-03-20 11:00:00,11,2.8,12.3,195.0,113.0,15.4,52.1
2004-03-20 12:00:00,12,2.6,11.7,182.0,108.0,16.3,50.0
2004-03-20 13:00:00,13,2.6,11.7,168.0,105.0,17.1,47.9
2004-03-20 14:00:00,14,2.1,9.3,125.0,93.0,19.0,42.9
2004-03-20 15:00:00,15,1.7,7.6,95.0,87.0,19.5,42.3
2004-03-20 16:00:00,16,1.6,6.7,79.0,76.0,19.5,42.3
2004-03-20 17:00:00,17,2.1,9.7,119.0,94.0,19.1,43.8
2004-03-20 18:00:00,18,2.3,12.4,142.0,110.0,18.5,46.3
2004-03-20 19:00:00,19,3.5,16.6,215.0,136.0,17.4,51.6
2004-03-20 20:00:00,20,3.9,16.4,229.0,139.0,17.1,51.3
2004-03-20 21:00:00,21,3.3,13.7,206.0,125.0,16.4,53.8
2004-03-20 22:00:00,22,2.3,9.9,147.0,111.0,16.2,55.4
2004-03-20 23:00:00,23,2.1,8.9,122.0,97.0,15.9,57.7
2004-03-21 00:00:00,0,2.8,10.6,175.0,107.0,15.7,58.6
2004-03-21 01:00:00,1,2.1,7.4,133.0,90.0,15.1,60.9
2004-03-21 02:00:00,2,1.6,6.2,89.0,84.0,15.6,56.6
2004-03-21 04:00:00,4,1.3,5.8,85.0,87.0,15.4,57.8
2004-03-21 05:00:00,5,1.1,4.0,55.0,66.0,14.9,60.6
2004-03-21 06:00:00,6,0.7,2.1,24.0,36.0,14.5,63.0
2004-03-21 07:00:00,7,0.8,3.6,72.0,62.0,14.2,66.2
2004-03-21 08:00:00,8,1.2,4.4,122.0,91.0,14.5,65.3
2004-03-21 09:00:00,9,1.4,5.4,111.0,89.0,15.3,62.1
2004-03-21 10:00:00,10,1.7,7.1,123.0,93.0,16.3,59.0
2004-03-21 11:00:00,11,1.8,7.3,106.0,81.0,18.9,49.6
2004-03-21 12:00:00,12,1.8,7.6,103.0,82.0,19.4,46.1
2004-03-21 13:00:00,13,1.9,6.8,102.0,80.0,20.8,41.6
2004-03-21 14:00:00,14,1.3,4.6,48.0,48.0,21.4,40.3
2004-03-21 15:00:00,15,1.6,8.4,63.0,61.0,21.2,39.3
2004-03-21 16:00:00,16,1.9,6.9,98.0,89.0,20.3,38.0
2004-03-21 17:00:00,17,2.3,9.0,132.0,105.0,19.4,41.3
2004-03-21 18:00:00,18,3.8,15.1,173.0,116.0,18.5,43.8
2004-03-21 19:00:00,19,3.5,12.6,185.0,119.0,17.8,48.1
2004-03-21 20:00:00,20,4.3,15.1,266.0,144.0,17.9,46.9
2004-03-21 21:00:00,21,2.8,9.9,188.0,123.0,17.4,49.1
2004-03-21 22:00:00,22,1.9,8.0,122.0,105.0,17.0,51.7
2004-03-21 23:00:00,23,1.9,7.9,112.0,93.0,16.4,55.1
2004-03-22 00:00:00,0,1.7,6.1,93.0,86.0,16.1,60.0
2004-03-22 01:00:00,1,1.5,5.1,74.0,76.0,15.8,60.5
2004-03-22 02:00:00,2,0.6,1.7,23.0,33.0,16.3,57.0
2004-03-22 04:00:00,4,0.5,0.8,17.0,27.0,16.1,55.9
2004-03-22 05:00:00,5,0.3,0.7,15.0,23.0,16.5,53.9
2004-03-22 06:00:00,6,0.6,2.0,41.0,46.0,16.4,54.0
2004-03-22 07:00:00,7,1.2,5.1,86.0,76.0,15.7,57.6
2004-03-22 08:00:00,8,3.6,17.7,226.0,116.0,15.8,53.7
2004-03-22 09:00:00,9,3.7,18.4,214.0,115.0,17.4,42.1
2004-03-22 10:00:00,10,1.8,6.9,115.0,83.0,17.9,38.4
2004-03-22 11:00:00,11,1.6,7.3,124.0,87.0,18.5,36.7
2004-03-22 12:00:00,12,1.9,9.6,122.0,90.0,21.0,29.6
2004-03-22 13:00:00,13,2.0,10.4,107.0,87.0,21.3,28.1
2004-03-22 14:00:00,14,2.2,11.2,133.0,99.0,21.3,26.1
2004-03-22 15:00:00,15,2.1,10.7,130.0,99.0,21.3,26.8
2004-03-22 16:00:00,16,2.3,11.6,150.0,101.0,21.3,24.2
2004-03-22 17:00:00,17,2.6,12.4,138.0,103.0,20.2,28.5
2004-03-22 18:00:00,18,3.8,18.3,213.0,129.0,17.0,43.1
2004-03-22 19:00:00,19,4.4,21.0,232.0,143.0,15.6,47.4
2004-03-22 20:00:00,20,4.5,21.0,238.0,146.0,15.3,47.4
2004-03-22 21:00:00,21,3.3,14.5,180.0,124.0,14.5,49.7
2004-03-22 22:00:00,22,2.0,8.4,128.0,113.0,13.9,52.0
2004-03-22 23:00:00,23,1.1,4.3,65.0,80.0,14.5,49.4
2004-03-23 00:00:00,0,0.9,3.8,53.0,72.0,13.8,51.4
2004-03-23 01:00:00,1,0.8,2.7,47.0,64.0,14.0,51.3
2004-03-23 02:00:00,2,0.7,2.5,51.0,70.0,13.0,56.8
2004-03-23 03:00:00,3,0.5,1.2,37.33333,55.0,11.0,70.0
2004-03-23 04:00:00,4,0.6,0.8,20.0,31.0,10.1,76.8
2004-03-23 05:00:00,5,0.3,0.6,13.0,22.0,8.8,80.5
2004-03-23 06:00:00,6,0.5,1.8,33.0,47.0,9.6,75.4
2004-03-23 07:00:00,7,1.1,4.6,103.0,88.0,9.8,75.0
2004-03-23 08:00:00,8,3.0,14.2,224.0,130.0,10.0,74.2
2004-03-23 09:00:00,9,3.8,21.0,244.0,132.0,11.2,69.7
2004-03-23 10:00:00,10,3.4,16.2,237.0,132.0,12.0,62.9
2004-03-23 11:00:00,11,3.0,15.5,220.0,131.0,12.8,55.8
2004-03-23 12:00:00,12,2.7,13.4,207.0,129.0,13.1,54.8
2004-03-23 13:00:00,13,3.5,16.9,208.0,132.0,13.8,53.4
2004-03-23 14:00:00,14,2.8,12.4,160.0,110.0,16.0,42.4
2004-03-23 15:00:00,15,1.9,10.1,131.0,99.0,14.1,49.8
2004-03-23 16:00:00,16,2.0,8.7,128.0,100.0,12.0,61.1
2004-03-23 17:00:00,17,3.0,13.8,176.0,122.0,13.6,54.6
2004-03-23 18:00:00,18,1.9,9.3,107.0,97.0,13.7,49.5
2004-03-23 19:00:00,19,2.7,13.0,131.0,112.0,11.7,57.1
2004-03-23 20:00:00,20,3.3,14.3,166.0,128.0,11.5,58.2
2004-03-23 21:00:00,21,1.7,7.6,89.0,101.0,12.6,54.2
2004-03-23 22:00:00,22,1.3,5.3,81.0,96.0,12.0,54.9
2004-03-23 23:00:00,23,1.3,5.4,78.0,86.0,11.0,61.4
2004-03-24 00:00:00,0,1.2,4.9,70.0,85.0,11.1,62.2
2004-03-24 01:00:00,1,1.1,4.6,76.0,79.0,10.8,62.5
2004-03-24 02:00:00,2,0.9,2.7,43.0,61.0,11.3,60.0
2004-03-24 03:00:00,3,0.6,1.6,30.33333,47.0,10.6,61.6
2004-03-24 04:00:00,4,0.66667,1.7,44.0,66.0,10.2,62.7
2004-03-24 05:00:00,5,0.6,1.2,34.0,54.0,10.9,58.6
2004-03-24 06:00:00,6,0.8,1.7,43.0,57.0,10.8,57.2
2004-03-24 07:00:00,7,1.2,4.8,79.0,75.0,10.4,59.2
2004-03-24 08:00:00,8,3.1,13.8,174.0,97.0,11.0,57.3
2004-03-24 09:00:00,9,4.4,23.7,235.0,110.0,11.2,56.9
2004-03-24 10:00:00,10,3.4,14.2,218.0,113.0,12.1,54.9
2004-03-24 11:00:00,11,1.7,8.0,136.0,88.0,15.1,44.3
2004-03-24 12:00:00,12,1.5,6.7,117.0,85.0,15.6,40.6
2004-03-24 13:00:00,13,1.7,8.7,119.0,96.0,16.9,34.6
2004-03-24 14:00:00,14,2.2,10.8,126.0,106.0,16.6,35.6
2004-03-24 15:00:00,15,1.86667,6.7,100.0,91.0,11.3,63.9
2004-03-24 16:00:00,16,2.7,11.4,197.0,126.0,9.6,81.1
2004-03-24 17:00:00,17,2.8,13.4,195.0,130.0,11.7,69.1
2004-03-24 18:00:00,18,2.7,12.0,156.0,111.0,10.7,68.5
2004-03-24 19:00:00,19,4.5,20.2,247.0,134.0,10.7,67.3
2004-03-24 20:00:00,20,3.5,14.4,190.0,136.0,10.8,65.7
2004-03-24 21:00:00,21,2.6,9.4,169.0,125.0,10.3,66.3
2004-03-24 22:00:00,22,1.7,5.9,118.0,108.0,10.1,66.9
2004-03-24 23:00:00,23,1.3,4.5,81.0,87.0,10.4,61.1
2004-03-25 00:00:00,0,1.3,4.5,80.0,89.0,10.3,59.9
2004-03-25 01:00:00,1,1.0,2.5,42.0,58.0,11.0,58.4
2004-03-25 02:00:00,2,0.7,1.8,38.0,54.0,9.1,68.1
2004-03-25 03:00:00,3,0.7,1.4,30.0,48.0,9.5,68.2
2004-03-25 04:00:00,4,0.5,0.9,18.0,28.0,9.3,72.3
2004-03-25 05:00:00,5,0.5,0.6,12.0,20.0,9.9,66.8
2004-03-25 06:00:00,6,0.6,1.4,43.0,51.0,7.6,83.2
2004-03-25 07:00:00,7,1.1,3.8,84.0,82.0,8.1,79.0
2004-03-25 08:00:00,8,2.7,11.6,184.0,112.0,8.7,74.6
2004-03-25 09:00:00,9,3.5,17.8,202.0,119.0,8.6,75.1
2004-03-25 10:00:00,10,2.3,8.8,133.0,99.0,9.7,69.7
2004-03-25 11:00:00,11,1.6,6.8,130.0,98.0,11.0,64.4
2004-03-25 12:00:00,12,1.3,5.9,106.0,88.0,13.6,53.0
2004-03-25 13:00:00,13,2.0,8.9,132.0,96.0,14.2,48.4
2004-03-25 14:00:00,14,1.9,8.2,106.0,81.0,14.2,46.3
2004-03-25 15:00:00,15,1.9,8.6,125.0,92.0,16.0,41.3
2004-03-25 16:00:00,16,2.2,10.1,138.0,105.0,17.7,35.4
2004-03-25 17:00:00,17,2.0,9.4,120.0,88.0,17.1,37.4
2004-03-25 18:00:00,18,2.9,14.6,158.0,103.0,14.9,40.5
2004-03-25 19:00:00,19,5.2,24.6,253.0,141.0,13.4,47.8
2004-03-25 20:00:00,20,4.6,21.6,231.0,133.0,12.6,52.5
2004-03-25 21:00:00,21,2.5,10.3,150.0,119.0,12.2,53.2
2004-03-25 22:00:00,22,1.5,5.7,99.0,106.0,10.6,56.1
2004-03-25 23:00:00,23,1.2,4.5,75.0,92.0,9.9,59.5
2004-03-26 00:00:00,0,1.7,5.5,93.0,97.0,9.6,61.1
2004-03-26 01:00:00,1,1.4,4.8,79.0,91.0,9.7,61.6
2004-03-26 02:00:00,2,1.2,3.6,67.0,83.0,9.4,62.6
2004-03-26 03:00:00,3,0.6,1.7,30.33333,43.66667,8.2,68.5
2004-03-26 04:00:00,4,0.7,2.2,45.0,59.0,8.0,69.4
2004-03-26 05:00:00,5,0.8,3.0,72.0,73.0,7.7,72.4
2004-03-26 06:00:00,6,0.9,4.0,103.0,78.0,8.0,71.8
2004-03-26 07:00:00,7,1.6,6.7,132.0,90.0,8.5,66.3
2004-03-26 08:00:00,8,3.4,16.7,239.0,110.0,9.8,59.6
2004-03-26 09:00:00,9,3.8,19.3,275.0,114.0,11.2,57.0
2004-03-26 10:00:00,10,3.1,14.8,232.0,119.0,14.8,44.1
2004-03-26 11:00:00,11,2.7,13.4,180.0,121.0,16.8,35.3
2004-03-26 12:00:00,12,2.0,11.0,112.0,97.0,19.2,27.1
2004-03-26 13:00:00,13,2.3,12.5,116.0,99.0,19.1,26.2
2004-03-26 14:00:00,14,1.9,8.4,103.0,85.0,16.3,30.8
2004-03-26 15:00:00,15,1.3,5.3,89.0,75.0,14.2,36.8
2004-03-26 16:00:00,16,1.9,8.8,112.0,87.0,13.4,41.0
2004-03-26 17:00:00,17,2.3,11.2,127.0,102.0,14.2,43.3
2004-03-26 18:00:00,18,2.4,11.6,125.0,105.0,12.1,45.6
2004-03-26 19:00:00,19,2.7,12.4,120.0,98.0,10.4,48.0
2004-03-26 20:00:00,20,2.6,10.6,120.0,93.0,10.0,51.1
2004-03-26 21:00:00,21,1.5,6.0,99.0,91.0,9.8,50.8
2004-03-26 22:00:00,22,1.2,4.6,79.0,85.0,9.7,50.4
2004-03-26 23:00:00,23,1.1,4.1,66.0,74.0,9.9,50.2
2004-03-27 00:00:00,0,1.5,5.2,94.0,87.0,9.4,53.4
2004-03-27 01:00:00,1,1.0,3.2,70.0,79.0,8.6,57.8
2004-03-27 02:00:00,2,1.2,4.5,75.0,78.0,8.1,62.1
2004-03-27 03:00:00,3,1.1,3.8,45.0,56.66667,7.9,63.5
2004-03-27 04:00:00,4,0.93333,3.8,57.0,63.0,7.4,64.8
2004-03-27 05:00:00,5,0.8,1.9,32.0,48.0,8.2,58.9
2004-03-27 06:00:00,6,0.9,2.4,54.0,59.0,6.3,66.6
2004-03-27 07:00:00,7,1.1,3.3,68.0,65.0,7.2,62.9
2004-03-27 08:00:00,8,1.5,6.7,98.0,71.0,7.2,63.9
2004-03-27 09:00:00,9,1.8,8.5,128.0,84.0,11.1,50.5
2004-03-27 10:00:00,10,2.1,9.7,129.0,93.0,15.5,36.1
2004-03-27 11:00:00,11,2.1,9.4,130.0,99.0,17.8,29.2
2004-03-27 12:00:00,12,1.9,9.0,111.0,93.0,17.6,30.1
2004-03-27 13:00:00,13,2.1,10.0,106.0,96.0,19.1,26.8
2004-03-27 14:00:00,14,2.5,12.6,137.0,114.0,17.7,28.6
2004-03-27 15:00:00,15,1.9,7.6,113.0,101.0,17.8,28.4
2004-03-27 16:00:00,16,2.2,11.8,122.0,108.0,18.7,26.0
2004-03-27 17:00:00,17,2.3,11.2,137.0,117.0,17.1,31.3
2004-03-27 18:00:00,18,2.7,12.4,165.0,125.0,15.8,36.1
2004-03-27 19:00:00,19,3.0,12.9,196.0,133.0,14.7,40.1
2004-03-27 20:00:00,20,2.8,12.2,174.0,119.0,13.6,44.9
2004-03-27 21:00:00,21,2.2,8.8,140.0,107.0,12.5,48.1
2004-03-27 22:00:00,22,1.6,6.8,102.0,96.0,11.8,50.8
2004-03-27 23:00:00,23,2.1,8.6,130.0,105.0,10.9,56.1
2004-03-28 00:00:00,0,2.3,8.9,121.0,102.0,10.9,55.9
2004-03-28 01:00:00,1,2.3,8.3,111.0,97.0,10.3,58.1
2004-03-28 02:00:00,2,1.7,6.3,87.0,79.0,9.3,62.2
2004-03-28 03:00:00,3,2.2,8.3,105.0,93.33333,8.2,66.7
2004-03-28 04:00:00,4,1.3,5.1,77.0,69.0,8.3,64.9
2004-03-28 05:00:00,5,0.8,2.6,39.0,52.0,9.6,58.5
2004-03-28 06:00:00,6,1.1,3.6,77.0,62.0,7.7,66.4
2004-03-28 07:00:00,7,1.4,3.6,91.0,69.0,7.4,68.0
2004-03-28 08:00:00,8,1.3,4.7,105.0,75.0,9.7,58.6
2004-03-28 09:00:00,9,1.9,7.5,133.0,83.0,12.5,50.1
2004-03-28 10:00:00,10,2.3,9.0,128.0,94.0,16.8,36.9
2004-03-28 11:00:00,11,2.3,9.5,126.0,96.0,19.2,31.3
2004-03-28 12:00:00,12,1.8,7.7,92.0,86.0,21.3,26.4
2004-03-28 13:00:00,13,1.4,5.7,66.0,72.0,21.2,23.1
2004-03-28 14:00:00,14,1.0,3.8,50.0,53.0,18.6,25.0
2004-03-28 15:00:00,15,1.4,4.8,70.0,65.0,18.0,27.3
2004-03-28 16:00:00,16,1.3,4.3,73.0,70.0,18.2,28.3
2004-03-28 17:00:00,17,1.3,4.1,77.0,75.0,17.0,31.4
2004-03-28 18:00:00,18,1.4,4.7,86.0,86.0,15.6,35.0
2004-03-28 19:00:00,19,1.9,6.2,93.0,94.0,14.1,40.2
2004-03-28 20:00:00,20,1.8,5.5,105.0,103.0,13.4,43.2
2004-03-28 21:00:00,21,1.1,3.3,67.0,81.0,12.3,46.8
2004-03-28 22:00:00,22,1.1,3.2,63.0,80.0,11.9,46.5
2004-03-28 23:00:00,23,1.1,2.9,63.0,77.0,11.5,46.6
2004-03-29 00:00:00,0,0.9,2.2,46.0,58.0,10.6,48.0
2004-03-29 01:00:00,1,0.6,1.3,21.0,31.0,10.7,45.8
2004-03-29 02:00:00,2,0.5,1.1,22.0,38.0,10.4,46.6
2004-03-29 03:00:00,3,0.7,1.3,26.33333,42.0,10.1,47.8
2004-03-29 04:00:00,4,0.6,1.2,39.0,59.0,11.3,46.9
2004-03-29 05:00:00,5,0.7,1.7,55.0,70.0,10.1,51.2
2004-03-29 06:00:00,6,0.9,2.9,76.0,75.0,9.9,50.7
2004-03-29 07:00:00,7,2.9,14.3,181.0,103.0,8.1,56.8
2004-03-29 08:00:00,8,4.1,19.7,259.0,134.0,10.9,44.1
2004-03-29 09:00:00,9,1.5,5.5,118.0,98.0,11.8,37.6
2004-03-29 10:00:00,10,1.5,5.6,119.0,97.0,13.9,33.2
2004-03-29 11:00:00,11,1.5,5.8,123.0,98.0,15.6,30.1
2004-03-29 12:00:00,12,1.4,5.5,92.0,78.0,16.5,29.0
2004-03-29 13:00:00,13,1.6,6.5,91.0,83.0,17.5,27.9
2004-03-29 14:00:00,14,1.5,5.5,103.0,92.0,17.9,26.8
2004-03-29 15:00:00,15,1.4,5.2,102.0,81.0,18.2,26.1
2004-03-29 16:00:00,16,1.5,5.8,94.0,90.0,18.0,27.1
2004-03-29 17:00:00,17,1.9,7.9,98.0,95.0,17.0,28.9
2004-03-29 18:00:00,18,2.5,10.2,126.0,114.0,16.1,31.3
2004-03-29 19:00:00,19,2.1,8.2,108.0,106.0,14.5,35.4
2004-03-29 20:00:00,20,1.6,5.7,95.0,99.0,13.2,37.9
2004-03-29 21:00:00,21,1.2,3.8,78.0,90.0,13.1,34.4
2004-03-29 22:00:00,22,1.1,4.0,61.0,82.0,13.5,28.5
2004-03-29 23:00:00,23,1.0,2.8,55.0,74.0,12.4,31.9
2004-03-30 00:00:00,0,1.0,2.6,57.0,76.0,13.1,26.8
2004-03-30 01:00:00,1,0.7,1.8,41.0,66.0,11.6,33.6
2004-03-30 02:00:00,2,0.7,1.7,46.0,73.0,10.5,42.9
2004-03-30 03:00:00,3,0.8,1.4,40.66667,48.66667,11.7,38.7
2004-03-30 04:00:00,4,0.6,1.3,41.0,69.0,12.2,37.2
2004-03-30 05:00:00,5,0.7,2.3,52.0,71.0,12.9,33.9
2004-03-30 06:00:00,6,1.1,5.3,111.0,98.0,11.3,40.3
2004-03-30 07:00:00,7,2.6,13.4,191.0,115.0,11.9,38.4
2004-03-30 08:00:00,8,4.0,23.8,244.0,130.0,13.3,35.6
2004-03-30 09:00:00,9,4.2,21.5,283.0,150.0,16.3,28.8
2004-03-30 10:00:00,10,4.7,21.0,320.0,159.0,17.9,28.2
2004-03-30 11:00:00,11,3.9,18.4,249.0,146.0,18.3,26.6
2004-03-30 12:00:00,12,3.7,18.9,219.0,138.0,20.8,22.5
2004-03-30 13:00:00,13,3.4,17.1,200.0,128.0,22.4,20.0
2004-03-30 14:00:00,14,2.2,10.4,138.0,97.0,20.9,21.7
2004-03-30 15:00:00,15,1.9,8.0,118.0,91.0,19.1,26.5
2004-03-30 16:00:00,16,1.6,6.2,99.0,81.0,18.1,30.6
2004-03-30 17:00:00,17,2.1,9.7,112.0,99.0,17.3,34.7
2004-03-30 18:00:00,18,2.2,9.6,117.0,101.0,15.8,40.4
2004-03-30 19:00:00,19,2.7,11.9,129.0,106.0,15.9,42.0
2004-03-30 20:00:00,20,2.4,8.7,132.0,102.0,15.9,43.5
2004-03-30 21:00:00,21,1.3,4.7,73.0,84.0,15.0,46.1
2004-03-30 22:00:00,22,1.2,3.8,68.0,81.0,15.1,44.6
2004-03-30 23:00:00,23,1.5,4.7,80.0,91.0,14.9,43.5
2004-03-31 00:00:00,0,1.3,3.8,68.0,82.0,14.8,41.0
2004-03-31 01:00:00,1,1.0,2.7,44.0,64.0,14.8,40.8
2004-03-31 02:00:00,2,0.9,2.8,47.0,70.0,14.8,40.8
2004-03-31 03:00:00,3,0.5,1.0,26.33333,39.66667,14.2,36.1
2004-03-31 04:00:00,4,0.5,0.8,15.0,26.0,14.5,36.1
2004-03-31 05:00:00,5,0.6,1.5,44.0,58.0,14.6,36.0
2004-03-31 06:00:00,6,1.0,3.5,85.0,93.0,14.4,38.5
2004-03-31 07:00:00,7,3.1,15.6,207.0,110.0,13.8,58.2
2004-03-31 08:00:00,8,4.1,19.9,230.0,115.0,13.2,61.1
2004-03-31 09:00:00,9,2.2,8.6,181.0,125.0,10.4,74.4
2004-03-31 10:00:00,10,1.7,6.5,144.0,118.0,11.5,71.0
2004-03-31 11:00:00,11,1.9,7.7,140.0,109.0,12.2,70.0
2004-03-31 12:00:00,12,2.9,11.3,204.0,123.0,12.3,73.3
2004-03-31 13:00:00,13,2.2,9.1,149.0,114.0,11.3,78.1
2004-03-31 14:00:00,14,2.6,11.2,171.0,114.0,13.6,69.2
2004-03-31 15:00:00,15,3.1,13.5,195.0,119.0,14.9,59.3
2004-03-31 16:00:00,16,2.3,10.1,152.0,111.0,15.7,50.9
2004-03-31 17:00:00,17,2.4,11.3,128.0,103.0,15.2,52.9
2004-03-31 18:00:00,18,2.8,11.8,121.0,103.0,15.5,50.8
2004-03-31 19:00:00,19,2.7,11.5,142.0,107.0,14.3,52.9
2004-03-31 20:00:00,20,2.3,9.3,131.0,105.0,13.2,56.0
2004-03-31 21:00:00,21,1.5,5.5,81.0,91.0,12.6,57.0
2004-03-31 22:00:00,22,1.4,5.1,60.0,79.0,12.3,57.8
2004-03-31 23:00:00,23,1.2,4.8,57.0,79.0,12.0,58.4
2004-04-01 00:00:00,0,1.6,6.3,96.0,86.0,12.0,61.6
2004-04-01 01:00:00,1,1.2,5.1,85.0,70.0,11.5,63.9
2004-04-01 02:00:00,2,1.1,4.1,50.0,55.0,10.7,67.2
2004-04-01 03:00:00,3,0.9,4.0,64.66667,66.33333,9.0,73.1
2004-04-01 04:00:00,4,0.7,2.4,57.0,49.0,10.2,66.6
2004-04-01 05:00:00,5,0.9,2.9,64.0,50.0,11.0,63.7
2004-04-01 06:00:00,6,1.7,7.4,153.0,67.0,9.6,68.8
2004-04-01 07:00:00,7,4.2,19.8,342.0,94.0,9.5,69.6
2004-04-01 08:00:00,8,6.2,31.9,378.0,119.0,11.9,60.9
2004-04-01 09:00:00,9,4.6,21.0,304.0,139.0,16.2,48.6
2004-04-01 10:00:00,10,2.8,11.7,192.0,113.0,19.2,39.6
2004-04-01 11:00:00,11,1.6,6.8,130.0,88.0,19.7,38.4
2004-04-01 12:00:00,12,1.7,7.4,106.0,73.0,20.6,36.7
2004-04-01 13:00:00,13,1.7,8.6,102.0,73.0,21.8,33.9
2004-04-01 17:00:00,17,3.3,16.4,163.0,106.0,23.6,27.5
2004-04-01 18:00:00,18,4.2,21.2,211.0,132.0,22.8,32.1
2004-04-01 19:00:00,19,5.5,25.0,267.0,164.0,20.8,36.7
2004-04-01 20:00:00,20,4.9,20.2,269.0,161.0,18.3,40.9
2004-04-01 21:00:00,21,2.5,10.8,154.0,124.0,16.8,44.0
2004-04-01 22:00:00,22,2.0,9.9,127.0,113.0,15.8,48.0
2004-04-01 23:00:00,23,2.0,8.5,122.0,103.0,14.9,52.0
2004-04-02 00:00:00,0,2.0,8.0,126.0,104.0,14.1,54.4
2004-04-02 01:00:00,1,1.3,5.6,84.0,93.0,13.3,58.8
2004-04-02 02:00:00,2,1.0,3.2,58.0,60.0,13.3,60.9
2004-04-02 03:00:00,3,0.9,3.3,74.0,77.33333,11.8,64.3
2004-04-02 04:00:00,4,0.83333,2.8,37.0,52.0,11.2,65.9
2004-04-02 05:00:00,5,0.7,2.6,56.0,66.0,11.3,72.9
2004-04-02 06:00:00,6,1.1,4.3,91.0,82.0,11.4,71.8
2004-04-02 07:00:00,7,2.6,13.0,159.0,109.0,11.9,73.7
2004-04-02 08:00:00,8,3.9,20.3,190.0,114.0,12.6,70.2
2004-04-02 09:00:00,9,5.0,20.7,249.0,139.0,13.6,65.3
2004-04-02 10:00:00,10,3.3,15.9,196.0,127.0,16.9,52.3
2004-04-02 11:00:00,11,2.9,14.2,180.0,127.0,19.4,44.1
2004-04-02 12:00:00,12,3.1,15.9,167.0,135.0,22.9,33.8
2004-04-02 13:00:00,13,3.0,16.1,159.0,130.0,23.6,31.3
2004-04-02 14:00:00,14,2.7,14.7,152.0,126.0,24.7,30.5
2004-04-02 15:00:00,15,2.7,14.0,149.0,121.0,26.1,27.3
2004-04-02 16:00:00,16,2.6,13.6,143.0,122.0,27.6,22.8
2004-04-02 17:00:00,17,3.7,19.7,185.0,138.0,26.9,22.3
2004-04-02 18:00:00,18,4.5,23.3,223.0,165.0,24.3,30.1
2004-04-02 19:00:00,19,4.7,24.1,215.0,154.0,21.2,40.1
2004-04-02 20:00:00,20,5.5,25.4,271.0,168.0,19.4,42.5
2004-04-02 21:00:00,21,3.0,14.1,180.0,146.0,18.5,43.0
2004-04-02 22:00:00,22,1.9,10.1,115.0,124.0,17.8,47.0
2004-04-02 23:00:00,23,2.3,12.1,149.0,124.0,16.8,53.2
2004-04-03 00:00:00,0,1.6,9.0,98.0,106.0,17.1,51.8
2004-04-03 01:00:00,1,1.3,6.3,73.0,88.0,16.2,54.2
2004-04-03 02:00:00,2,1.2,5.3,69.0,83.0,15.1,58.2
2004-04-03 03:00:00,3,0.9,3.8,42.33333,53.33333,15.1,57.6
2004-04-03 04:00:00,4,0.8,3.0,60.0,74.0,14.5,58.0
2004-04-03 05:00:00,5,0.8,3.3,56.0,64.0,13.7,61.6
2004-04-03 06:00:00,6,0.9,3.5,73.0,69.0,13.9,59.6
2004-04-03 07:00:00,7,2.0,9.5,159.0,91.0,13.3,61.7
2004-04-03 08:00:00,8,3.0,15.2,203.0,96.0,15.1,55.8
2004-04-03 09:00:00,9,3.1,14.3,211.0,106.0,17.0,50.5
2004-04-05 10:00:00,10,3.1,14.3,236.0,124.0,15.6,57.4
2004-04-05 11:00:00,11,3.0,13.7,228.0,121.0,16.6,55.2
2004-04-05 12:00:00,12,3.2,15.7,206.0,114.0,17.0,54.3
2004-04-05 13:00:00,13,3.1,15.4,188.0,114.0,18.0,51.5
2004-04-05 14:00:00,14,2.5,12.6,158.0,106.0,19.5,47.5
2004-04-05 15:00:00,15,2.1,9.8,124.0,89.0,21.6,41.7
2004-04-05 16:00:00,16,2.0,9.6,98.0,82.0,22.2,38.3
2004-04-05 17:00:00,17,3.2,16.3,160.0,111.0,20.3,42.8
2004-04-05 18:00:00,18,4.1,19.8,194.0,132.0,19.7,45.4
2004-04-05 19:00:00,19,3.9,18.0,174.0,121.0,18.8,47.5
2004-04-05 20:00:00,20,3.1,13.6,157.0,116.0,17.9,49.4
2004-04-05 21:00:00,21,2.0,8.7,109.0,100.0,17.5,50.9
2004-04-05 22:00:00,22,1.7,7.7,85.0,89.0,17.4,51.8
2004-04-05 23:00:00,23,1.6,7.3,90.0,92.0,17.0,53.9
2004-04-06 00:00:00,0,1.0,4.1,61.0,71.0,16.6,55.4
2004-04-06 01:00:00,1,0.8,2.7,36.0,51.0,15.9,57.0
2004-04-06 02:00:00,2,0.5,1.5,25.0,39.0,15.0,59.2
2004-04-06 03:00:00,3,0.5,1.9,45.0,53.33333,14.5,61.4
2004-04-06 04:00:00,4,0.5,1.8,24.0,35.0,14.1,61.6
2004-04-06 05:00:00,5,0.8,3.4,73.0,64.0,14.6,58.8
2004-04-06 06:00:00,6,1.7,8.5,164.0,94.0,14.4,58.9
2004-04-06 07:00:00,7,4.5,24.1,329.0,134.0,15.3,55.2
2004-04-06 08:00:00,8,6.2,33.7,302.0,129.0,16.2,52.5
2004-04-06 09:00:00,9,4.4,22.0,256.0,125.0,18.4,46.3
2004-04-06 10:00:00,10,2.9,14.1,182.0,107.0,19.6,41.8
2004-04-06 11:00:00,11,1.6,7.6,105.0,78.0,20.2,40.1
2004-04-06 12:00:00,12,2.6,14.5,136.0,91.0,20.9,36.6
2004-04-06 13:00:00,13,2.9,13.6,167.0,116.0,20.4,34.7
2004-04-06 14:00:00,14,2.5,11.5,166.0,131.0,19.3,35.4
2004-04-06 15:00:00,15,1.9,9.2,115.0,113.0,18.6,36.9
2004-04-06 16:00:00,16,1.9,10.3,109.0,98.0,18.8,36.8
2004-04-06 17:00:00,17,2.7,14.0,143.0,116.0,17.5,40.6
2004-04-06 18:00:00,18,3.0,15.0,159.0,120.0,16.8,44.3
2004-04-06 19:00:00,19,3.3,15.1,181.0,126.0,16.3,47.7
2004-04-06 20:00:00,20,3.2,14.8,178.0,126.0,15.6,50.7
2004-04-06 21:00:00,21,1.8,8.5,91.0,90.0,15.7,49.4
2004-04-06 22:00:00,22,1.3,5.9,76.0,81.0,15.8,48.6
2004-04-06 23:00:00,23,1.1,4.8,66.0,74.0,15.7,47.0
2004-04-07 00:00:00,0,0.9,4.0,56.0,67.0,15.7,45.9
2004-04-07 01:00:00,1,0.7,2.3,35.0,46.0,15.6,44.9
2004-04-07 02:00:00,2,0.4,1.4,21.0,30.0,15.6,44.4
2004-04-07 03:00:00,3,0.3,0.7,27.33333,39.66667,16.1,42.4
2004-04-07 04:00:00,4,0.3,0.7,12.0,19.0,15.7,45.4
2004-04-07 05:00:00,5,0.3,0.8,22.0,32.0,15.3,50.1
2004-04-07 06:00:00,6,0.8,3.6,55.0,61.0,14.2,58.6
2004-04-07 07:00:00,7,2.8,12.9,152.0,111.0,14.3,58.2
2004-04-07 08:00:00,8,3.1,15.7,153.0,102.0,15.0,52.0
2004-04-07 09:00:00,9,2.3,8.6,152.0,116.0,13.6,61.4
2004-04-07 10:00:00,10,1.6,7.4,112.0,96.0,16.1,53.1
2004-04-07 11:00:00,11,1.5,6.6,119.0,97.0,16.6,44.3
2004-04-07 12:00:00,12,1.6,7.8,122.0,110.0,17.4,40.3
2004-04-07 13:00:00,13,1.8,9.1,115.0,103.0,18.1,42.2
2004-04-07 14:00:00,14,1.4,6.1,84.0,79.0,14.4,51.8
2004-04-07 15:00:00,15,1.9,7.5,146.0,104.0,10.9,76.4
2004-04-07 16:00:00,16,1.2,5.9,65.0,69.0,16.4,47.7
2004-04-07 17:00:00,17,2.3,12.7,120.0,96.0,18.0,37.1
2004-04-07 18:00:00,18,3.3,13.5,185.0,121.0,14.7,48.7
2004-04-07 19:00:00,19,3.1,14.5,157.0,129.0,11.3,71.3
2004-04-07 20:00:00,20,3.3,11.0,174.0,116.0,10.0,74.0
2004-04-07 21:00:00,21,1.2,3.2,62.0,71.0,9.8,71.8
2004-04-07 22:00:00,22,1.3,4.3,81.0,85.0,9.3,75.2
2004-04-07 23:00:00,23,1.9,7.1,118.0,101.0,9.6,76.0
2004-04-08 00:00:00,0,1.4,4.8,95.0,97.0,9.3,75.0
2004-04-08 01:00:00,1,1.5,5.7,84.0,89.0,9.0,76.7
2004-04-08 02:00:00,2,1.1,4.1,56.0,72.0,8.2,79.6
2004-04-08 03:00:00,3,0.8,3.3,60.33333,62.33333,7.6,80.6
2004-04-08 04:00:00,4,0.6,1.8,43.0,57.0,8.3,75.6
2004-04-08 05:00:00,5,0.8,2.8,69.0,62.0,8.1,72.1
2004-04-08 06:00:00,6,1.1,4.8,74.0,64.0,8.1,70.4
2004-04-08 07:00:00,7,2.6,13.8,161.0,80.0,8.1,70.5
2004-04-08 08:00:00,8,5.1,27.1,308.0,118.0,9.9,64.3
2004-04-08 09:00:00,9,4.2,19.1,300.0,130.0,13.0,54.2
2004-04-08 10:00:00,10,2.6,11.7,189.0,113.0,16.5,42.6
2004-04-08 11:00:00,11,2.4,12.7,164.0,112.0,19.3,34.2
2004-04-08 12:00:00,12,2.1,11.3,122.0,96.0,21.5,27.4
2004-04-08 13:00:00,13,2.6,14.2,166.0,125.0,20.4,26.7
2004-04-08 14:00:00,14,2.8,13.9,181.0,128.0,20.6,22.6
2004-04-08 15:00:00,15,2.5,13.2,127.0,101.0,20.6,24.8
2004-04-08 16:00:00,16,1.9,10.7,106.0,95.0,21.0,25.4
2004-04-08 17:00:00,17,3.6,19.7,192.0,138.0,21.5,24.5
2004-04-08 18:00:00,18,4.6,24.0,241.0,154.0,19.3,28.6
2004-04-08 19:00:00,19,6.3,29.1,326.0,171.0,18.0,32.9
2004-04-08 20:00:00,20,4.3,15.8,232.0,136.0,15.8,39.8
2004-04-08 21:00:00,21,1.6,7.0,92.0,93.0,15.3,41.5
2004-04-08 22:00:00,22,1.4,6.3,95.0,99.0,14.1,46.0
2004-04-09 23:00:00,23,2.3,8.4,157.0,95.0,12.0,67.9
2004-04-10 00:00:00,0,1.3,5.4,83.0,79.0,12.0,66.9
2004-04-10 01:00:00,1,1.7,6.9,118.0,78.0,11.5,70.1
2004-04-10 02:00:00,2,1.7,6.4,101.0,75.0,11.4,69.8
2004-04-10 03:00:00,3,1.0,3.6,50.66667,64.33333,11.1,69.3
2004-04-10 04:00:00,4,0.8,3.3,46.0,52.0,10.8,70.3
2004-04-10 05:00:00,5,1.0,4.0,81.0,55.0,10.2,73.4
2004-04-10 06:00:00,6,1.4,6.0,112.0,65.0,10.8,70.5
2004-04-10 07:00:00,7,1.7,8.2,150.0,72.0,11.0,71.0
2004-04-10 08:00:00,8,2.0,9.9,138.0,76.0,12.4,64.0
2004-04-10 09:00:00,9,2.0,8.8,124.0,84.0,15.0,53.1
2004-04-10 10:00:00,10,1.9,8.4,124.0,90.0,16.6,44.4
2004-04-10 11:00:00,11,2.1,7.5,115.0,89.0,18.0,38.4
2004-04-10 12:00:00,12,1.8,7.8,101.0,87.0,20.6,30.0
2004-04-10 13:00:00,13,1.5,6.4,90.0,88.0,19.9,26.7
2004-04-10 14:00:00,14,1.3,5.1,90.0,81.0,19.8,23.1
2004-04-10 15:00:00,15,1.4,6.9,89.0,89.0,21.4,22.7
2004-04-10 16:00:00,16,1.5,6.8,92.0,91.0,22.1,21.3
2004-04-10 17:00:00,17,1.7,7.4,103.0,104.0,21.1,24.5
2004-04-10 18:00:00,18,2.0,8.7,122.0,111.0,18.3,31.6
2004-04-10 19:00:00,19,2.5,11.2,159.0,129.0,16.1,35.0
2004-04-10 20:00:00,20,2.4,10.5,172.0,133.0,14.8,41.5
2004-04-10 21:00:00,21,2.0,8.2,125.0,115.0,13.2,50.3
2004-04-10 22:00:00,22,2.9,11.6,187.0,125.0,12.3,55.5
2004-04-10 23:00:00,23,2.5,9.7,174.0,117.0,11.8,56.6
2004-04-11 00:00:00,0,1.4,5.1,75.0,84.0,11.2,56.2
2004-04-11 01:00:00,1,1.2,4.0,48.0,63.0,11.0,56.6
2004-04-11 02:00:00,2,1.0,3.7,61.0,68.0,9.3,64.3
2004-04-11 03:00:00,3,1.0,4.0,59.0,65.33333,8.8,66.0
2004-04-11 04:00:00,4,0.7,3.0,38.0,52.0,7.8,70.4
2004-04-11 05:00:00,5,0.7,2.9,38.0,49.0,7.7,70.7
2004-04-11 06:00:00,6,0.8,2.9,41.0,49.0,7.4,71.0
2004-04-11 07:00:00,7,0.9,3.0,51.0,52.0,8.2,66.6
2004-04-11 08:00:00,8,1.1,3.7,61.0,58.0,8.7,64.3
2004-04-11 09:00:00,9,1.0,3.9,47.0,51.0,13.0,47.9
2004-04-11 10:00:00,10,1.6,6.2,87.0,77.0,17.4,35.4
2004-04-11 11:00:00,11,1.8,7.3,107.0,90.0,20.2,29.2
2004-04-11 12:00:00,12,2.6,9.2,161.0,118.0,22.7,22.9
2004-04-11 13:00:00,13,1.1,4.0,61.0,70.0,22.3,22.4
2004-04-11 14:00:00,14,0.6,2.3,26.0,35.0,22.2,18.9
2004-04-11 15:00:00,15,0.9,3.1,42.0,46.0,22.0,19.0
2004-04-11 16:00:00,16,1.0,3.2,55.0,58.0,21.0,23.6
2004-04-11 17:00:00,17,1.2,3.3,65.0,61.0,19.6,27.4
2004-04-11 18:00:00,18,1.4,4.0,75.0,80.0,17.9,30.8
2004-04-11 19:00:00,19,2.0,5.7,93.0,93.0,16.4,35.3
2004-04-11 20:00:00,20,1.1,3.4,63.0,78.0,15.6,37.5
2004-04-11 21:00:00,21,1.1,3.5,60.0,76.0,15.5,36.7
2004-04-11 22:00:00,22,1.1,2.9,63.0,74.0,14.5,39.0
2004-04-11 23:00:00,23,1.1,3.1,66.0,81.0,14.2,38.2
2004-04-12 00:00:00,0,0.7,1.6,41.0,58.0,13.7,38.3
2004-04-12 01:00:00,1,0.6,1.1,42.0,59.0,14.1,34.0
2004-04-12 02:00:00,2,0.7,2.0,36.0,54.0,14.6,34.0
2004-04-12 03:00:00,3,0.6,1.7,26.33333,42.0,14.4,32.8
2004-04-12 04:00:00,4,0.3,0.7,16.0,25.0,13.9,30.9
2004-04-12 05:00:00,5,0.3,0.5,16.0,26.0,13.5,37.9
2004-04-12 06:00:00,6,0.4,0.7,33.0,49.0,13.9,43.6
2004-04-12 07:00:00,7,0.5,0.9,39.0,53.0,13.5,50.1
2004-04-12 08:00:00,8,0.6,1.5,45.0,57.0,13.3,53.6
2004-04-12 09:00:00,9,0.8,2.2,63.0,73.0,13.4,56.0
2004-04-12 10:00:00,10,1.0,2.9,71.0,78.0,13.0,59.6
2004-04-12 11:00:00,11,1.3,3.9,104.0,93.0,12.7,62.7
2004-04-12 12:00:00,12,1.1,2.8,85.0,71.0,12.1,60.5
2004-04-12 13:00:00,13,0.6,1.4,53.0,56.0,11.2,64.4
2004-04-12 14:00:00,14,0.7,1.7,58.0,60.0,10.7,67.6
2004-04-12 15:00:00,15,1.2,3.6,89.0,77.0,11.4,61.2
2004-04-12 16:00:00,16,1.4,3.1,96.0,82.0,9.9,70.5
2004-04-12 17:00:00,17,1.2,3.5,88.0,77.0,10.3,65.2
2004-04-12 18:00:00,18,1.3,3.9,100.0,91.0,11.0,58.9
2004-04-12 19:00:00,19,1.8,5.2,127.0,93.0,10.6,59.5
2004-04-12 20:00:00,20,1.2,3.7,88.0,82.0,10.6,57.7
2004-04-12 21:00:00,21,0.8,2.7,66.0,74.0,10.6,56.1
2004-04-12 22:00:00,22,0.8,2.6,61.0,68.0,10.3,58.0
2004-04-12 23:00:00,23,0.8,2.4,54.0,65.0,10.4,58.4
2004-04-13 00:00:00,0,0.7,2.0,46.0,58.0,10.7,58.2
2004-04-13 01:00:00,1,0.5,1.3,25.0,36.0,10.5,59.9
2004-04-13 02:00:00,2,0.3,1.2,18.0,29.0,10.5,60.8
2004-04-13 03:00:00,3,0.4,1.3,26.0,38.66667,10.6,63.1
2004-04-13 04:00:00,4,0.3,0.9,21.0,28.0,11.1,60.1
2004-04-13 05:00:00,5,0.7,3.1,76.0,68.0,10.1,68.4
2004-04-13 06:00:00,6,1.6,6.9,149.0,99.0,10.0,68.7
2004-04-13 07:00:00,7,3.9,19.1,328.0,130.0,11.0,64.2
2004-04-13 08:00:00,8,4.5,22.1,282.0,128.0,12.0,58.1
2004-04-13 09:00:00,9,2.7,11.8,206.0,120.0,12.8,52.0
2004-04-13 10:00:00,10,1.6,7.3,133.0,93.0,12.6,50.8
2004-04-13 11:00:00,11,1.6,8.0,137.0,96.0,13.8,47.4
2004-04-13 12:00:00,12,1.6,7.2,116.0,84.0,15.1,42.7
2004-04-13 13:00:00,13,1.5,7.7,112.0,87.0,16.3,38.1
2004-04-13 14:00:00,14,1.8,9.7,128.0,87.0,16.6,36.7
2004-04-13 15:00:00,15,2.1,9.8,145.0,103.0,15.8,40.5
2004-04-13 16:00:00,16,1.7,7.7,110.0,88.0,16.3,41.8
2004-04-13 17:00:00,17,3.0,15.3,184.0,118.0,16.1,42.8
2004-04-13 18:00:00,18,4.6,21.5,243.0,134.0,15.3,46.8
2004-04-13 19:00:00,19,5.0,21.7,259.0,144.0,14.7,47.0
2004-04-13 20:00:00,20,3.5,14.6,205.0,129.0,14.1,49.6
2004-04-13 21:00:00,21,2.1,9.3,144.0,108.0,13.5,54.1
2004-04-13 22:00:00,22,2.1,9.4,152.0,104.0,12.3,59.2
2004-04-13 23:00:00,23,1.5,6.8,108.0,90.0,11.6,62.2
2004-04-14 00:00:00,0,1.1,4.9,64.0,74.0,11.5,61.4
2004-04-14 01:00:00,1,0.9,3.9,73.0,73.0,10.9,64.6
2004-04-14 02:00:00,2,0.7,2.7,47.0,60.0,11.1,63.2
2004-04-14 03:00:00,3,0.4,1.9,54.66667,64.0,10.7,64.4
2004-04-14 04:00:00,4,0.66667,1.7,45.0,57.0,10.7,63.8
2004-04-14 05:00:00,5,0.9,3.3,79.0,62.0,10.2,65.8
2004-04-14 06:00:00,6,1.6,7.4,113.0,71.0,10.3,65.6
2004-04-14 07:00:00,7,3.9,18.2,263.0,94.0,10.8,64.0
2004-04-14 08:00:00,8,5.0,27.7,275.0,99.0,13.3,55.6
2004-04-14 09:00:00,9,4.3,18.3,263.0,119.0,15.8,46.8
2004-04-14 10:00:00,10,2.7,12.3,183.0,103.0,19.5,34.4
2004-04-14 11:00:00,11,2.1,8.9,147.0,95.0,21.1,30.2
2004-04-14 12:00:00,12,2.1,10.4,132.0,95.0,18.4,34.2
2004-04-15 09:00:00,9,3.9,19.1,309.0,114.0,13.5,53.4
2004-04-15 10:00:00,10,3.8,17.3,327.0,127.0,15.0,49.3
2004-04-15 11:00:00,11,3.8,17.5,299.0,135.0,17.1,42.1
2004-04-15 12:00:00,12,3.9,17.0,257.0,135.0,18.4,36.9
2004-04-15 13:00:00,13,3.5,17.0,195.0,120.0,19.3,35.4
2004-04-15 14:00:00,14,4.0,19.5,231.0,129.0,19.2,35.7
2004-04-15 15:00:00,15,3.0,14.8,170.0,114.0,21.5,30.4
2004-04-15 16:00:00,16,3.1,14.0,192.0,129.0,19.6,34.6
2004-04-15 17:00:00,17,5.2,24.4,251.0,149.0,19.6,35.5
2004-04-15 18:00:00,18,5.9,28.1,289.0,149.0,18.3,44.1
2004-04-15 19:00:00,19,7.3,33.7,351.0,158.0,17.4,47.8
2004-04-15 20:00:00,20,6.1,24.2,319.0,148.0,16.8,49.8
2004-04-15 21:00:00,21,4.6,19.8,264.0,134.0,16.2,53.2
2004-04-15 22:00:00,22,2.5,9.3,144.0,111.0,14.9,59.1
2004-04-15 23:00:00,23,2.2,7.3,119.0,106.0,13.9,64.0
2004-04-16 00:00:00,0,2.0,7.1,120.0,108.0,13.7,66.8
2004-04-16 01:00:00,1,1.9,6.7,96.0,93.0,13.4,69.6
2004-04-16 02:00:00,2,1.6,6.0,77.0,83.0,12.8,71.9
2004-04-16 03:00:00,3,1.0,2.7,62.0,67.66667,12.9,68.5
2004-04-16 04:00:00,4,1.0,3.6,63.0,69.0,11.9,74.8
2004-04-16 05:00:00,5,1.2,5.4,97.0,77.0,11.6,76.4
2004-04-16 06:00:00,6,2.0,10.0,180.0,87.0,11.7,75.3
2004-04-16 07:00:00,7,4.5,23.2,352.0,109.0,12.8,71.0
2004-04-16 08:00:00,8,4.1,18.7,279.0,116.0,13.8,61.1
2004-04-16 09:00:00,9,2.6,9.9,186.0,105.0,15.3,51.4
2004-04-16 10:00:00,10,2.3,10.2,169.0,106.0,16.6,48.7
2004-04-16 11:00:00,11,2.6,11.0,172.0,108.0,17.6,46.7
2004-04-16 12:00:00,12,2.4,10.5,127.0,100.0,19.2,42.7
2004-04-16 13:00:00,13,4.3,18.9,230.0,149.0,15.7,62.5
2004-04-16 14:00:00,14,4.6,18.9,280.0,148.0,14.5,75.7
2004-04-16 15:00:00,15,4.0,17.5,242.0,126.0,14.4,77.4
2004-04-16 16:00:00,16,4.7,17.7,250.0,140.0,14.6,74.9
2004-04-16 17:00:00,17,5.7,23.0,309.0,142.0,14.6,76.0
2004-04-16 18:00:00,18,5.2,20.4,270.0,141.0,14.0,76.3
2004-04-16 19:00:00,19,6.4,26.8,323.0,149.0,13.9,78.0
2004-04-16 20:00:00,20,6.0,19.9,307.0,140.0,13.8,78.0
2004-04-16 21:00:00,21,3.4,12.5,224.0,117.0,13.5,79.4
2004-04-16 22:00:00,22,2.7,9.6,166.0,103.0,13.1,80.1
2004-04-16 23:00:00,23,3.1,10.0,171.0,99.0,12.8,81.0
2004-04-17 00:00:00,0,2.6,8.1,169.0,100.0,12.7,80.6
2004-04-17 01:00:00,1,2.2,7.1,120.0,88.0,12.5,81.8
2004-04-17 02:00:00,2,1.9,6.4,103.0,83.0,12.7,81.2
2004-04-23 05:00:00,5,0.6,2.9,59.0,59.0,14.2,52.2
2004-04-23 06:00:00,6,0.8,4.9,72.0,67.0,14.3,55.4
2004-04-23 07:00:00,7,4.0,22.6,244.0,95.0,14.0,58.0
2004-04-23 08:00:00,8,5.6,31.1,351.0,123.0,15.4,53.3
2004-04-23 09:00:00,9,5.0,22.1,358.0,142.0,19.1,42.1
2004-04-23 10:00:00,10,3.2,18.3,245.0,142.0,23.7,31.0
2004-04-23 11:00:00,11,3.8,22.0,240.0,169.0,26.9,25.7
2004-04-23 12:00:00,12,3.3,20.1,179.0,142.0,29.7,20.6
2004-04-23 13:00:00,13,3.0,18.9,160.0,136.0,29.2,21.5
2004-04-23 14:00:00,14,3.2,20.6,174.0,147.0,29.6,20.1
2004-04-23 15:00:00,15,4.4,25.3,260.0,196.0,30.0,19.4
2004-04-23 16:00:00,16,4.6,25.8,281.0,186.0,29.5,20.1
2004-04-23 17:00:00,17,5.2,30.6,284.0,177.0,27.0,26.8
2004-04-23 18:00:00,18,4.8,27.1,250.0,164.0,24.9,30.8
2004-04-23 19:00:00,19,5.6,32.5,281.0,161.0,23.1,36.7
2004-04-23 20:00:00,20,4.6,20.8,230.0,146.0,21.5,40.8
2004-04-23 21:00:00,21,1.8,10.9,98.0,98.0,20.5,41.5
2004-04-23 22:00:00,22,2.2,13.0,121.0,108.0,19.2,44.9
2004-04-23 23:00:00,23,2.0,11.8,110.0,107.0,18.8,47.7
2004-04-24 00:00:00,0,2.8,13.4,161.0,113.0,18.2,49.7
2004-04-24 01:00:00,1,2.6,13.4,148.0,100.0,16.1,57.4
2004-04-24 02:00:00,2,1.8,9.0,109.0,87.0,16.3,55.3
2004-04-24 03:00:00,3,1.1,5.8,76.66667,75.33333,15.7,53.6
2004-04-24 04:00:00,4,0.76667,3.8,45.0,60.0,16.9,49.8
2004-04-24 05:00:00,5,0.7,3.7,71.0,65.0,14.8,57.7
2004-04-24 06:00:00,6,0.9,5.7,75.0,64.0,14.0,59.7
2004-04-24 07:00:00,7,1.5,10.0,106.0,73.0,14.6,56.8
2004-04-24 08:00:00,8,2.5,15.0,166.0,86.0,16.7,51.9
2004-04-24 09:00:00,9,3.0,15.6,188.0,105.0,20.0,45.0
2004-04-24 10:00:00,10,2.6,12.3,161.0,107.0,23.9,33.7
2004-04-24 11:00:00,11,2.6,14.4,139.0,114.0,26.8,29.5
2004-04-24 12:00:00,12,2.6,14.6,134.0,105.0,27.2,32.4
2004-04-24 13:00:00,13,1.9,8.7,84.0,74.0,26.9,32.1
2004-04-24 14:00:00,14,2.0,11.0,98.0,95.0,24.3,41.8
2004-04-24 15:00:00,15,1.7,9.0,91.0,89.0,25.6,36.0
2004-04-24 16:00:00,16,1.9,10.7,99.0,95.0,27.0,31.8
2004-04-24 17:00:00,17,1.8,9.9,90.0,93.0,27.5,31.6
2004-04-24 18:00:00,18,2.8,15.7,147.0,123.0,24.9,38.1
2004-04-24 19:00:00,19,3.5,19.4,177.0,134.0,23.4,39.7
2004-04-24 20:00:00,20,3.4,16.8,162.0,126.0,21.2,50.8
2004-04-24 21:00:00,21,2.0,6.8,88.0,79.0,15.6,73.5
2004-04-24 22:00:00,22,1.1,3.0,53.0,54.0,12.9,79.7
2004-04-24 23:00:00,23,1.3,3.2,68.0,69.0,11.5,76.9
2004-04-25 00:00:00,0,1.2,3.1,61.0,67.0,12.2,66.8
2004-04-25 01:00:00,1,1.3,3.9,71.0,73.0,12.4,64.1
2004-04-25 02:00:00,2,1.0,3.6,63.0,73.0,12.7,58.7
2004-04-25 03:00:00,3,1.3,4.5,33.33333,47.66667,12.6,58.6
2004-04-25 04:00:00,4,0.73333,1.2,23.0,33.0,12.5,51.2
2004-04-25 05:00:00,5,0.3,0.7,14.0,20.0,12.5,50.9
2004-04-25 06:00:00,6,0.5,1.1,34.0,37.0,12.8,49.3
2004-04-25 07:00:00,7,0.6,1.4,42.0,50.0,13.5,48.6
2004-04-25 08:00:00,8,0.6,1.6,40.0,45.0,14.4,45.9
2004-04-25 09:00:00,9,0.8,2.3,48.0,48.0,15.1,43.9
2004-04-25 10:00:00,10,1.0,2.5,61.0,56.0,16.6,38.6
2004-04-25 11:00:00,11,0.9,2.7,58.0,58.0,17.2,35.0
2004-04-25 12:00:00,12,1.0,2.7,57.0,52.0,17.4,33.9
2004-04-25 13:00:00,13,0.8,2.2,54.0,52.0,17.9,30.7
2004-04-25 14:00:00,14,0.7,2.0,41.0,44.0,18.3,27.2
2004-04-25 15:00:00,15,0.9,3.4,57.0,59.0,19.4,25.7
2004-04-25 16:00:00,16,1.3,4.5,83.0,74.0,20.2,24.1
2004-04-25 17:00:00,17,1.4,4.7,81.0,76.0,19.6,24.9
2004-04-25 18:00:00,18,1.5,6.0,98.0,83.0,18.5,27.8
2004-04-25 19:00:00,19,2.7,11.7,124.0,100.0,17.8,30.3
2004-04-25 20:00:00,20,2.5,8.2,133.0,101.0,16.6,34.0
2004-04-25 21:00:00,21,1.4,5.1,100.0,90.0,15.5,37.0
2004-04-25 22:00:00,22,2.8,13.0,116.0,93.0,14.8,39.5
2004-04-25 23:00:00,23,2.1,7.0,102.0,79.0,14.5,42.0
2004-04-26 00:00:00,0,1.1,3.9,55.0,57.0,14.1,44.9
2004-04-26 01:00:00,1,0.7,2.2,33.0,43.0,14.2,45.5
2004-04-26 02:00:00,2,0.4,1.3,17.0,25.0,14.1,45.3
2004-04-26 03:00:00,3,0.3,0.8,25.33333,40.0,14.0,44.3
2004-04-26 04:00:00,4,0.4,0.6,10.0,17.0,14.1,43.0
2004-04-26 05:00:00,5,0.4,1.2,35.0,44.0,13.9,43.9
2004-04-26 06:00:00,6,0.8,3.4,70.0,72.0,14.0,43.8
2004-04-26 07:00:00,7,1.9,7.5,116.0,91.0,14.4,43.6
2004-04-26 08:00:00,8,2.1,8.9,134.0,89.0,15.0,41.7
2004-04-26 09:00:00,9,1.4,5.3,113.0,84.0,16.3,38.4
2004-04-26 10:00:00,10,1.4,5.4,110.0,83.0,18.3,32.3
2004-04-26 11:00:00,11,1.3,5.2,98.0,78.0,18.8,31.7
2004-04-26 12:00:00,12,1.5,6.6,96.0,80.0,19.6,30.9
2004-04-26 13:00:00,13,1.6,6.9,95.0,75.0,20.2,30.7
2004-04-26 14:00:00,14,1.3,5.4,86.0,77.0,19.7,32.5
2004-04-26 15:00:00,15,1.4,6.0,86.0,77.0,20.7,31.6
2004-04-26 16:00:00,16,1.5,6.4,91.0,81.0,20.0,32.7
2004-04-26 17:00:00,17,2.2,10.7,119.0,101.0,18.6,35.4
2004-04-26 18:00:00,18,3.2,13.9,147.0,119.0,18.3,35.9
2004-04-26 19:00:00,19,3.0,12.5,135.0,111.0,17.8,37.5
2004-04-26 20:00:00,20,2.6,9.3,124.0,109.0,17.3,38.8
2004-04-26 21:00:00,21,1.6,6.7,89.0,101.0,17.3,38.8
2004-04-26 22:00:00,22,1.5,5.3,79.0,89.0,16.4,40.8
2004-04-26 23:00:00,23,1.2,4.0,63.0,75.0,16.0,41.4
2004-04-27 00:00:00,0,0.8,2.2,39.0,51.0,15.4,43.0
2004-04-27 01:00:00,1,0.7,1.7,25.0,39.0,15.7,42.5
2004-04-27 02:00:00,2,0.5,1.6,19.0,32.0,15.6,43.4
2004-04-27 03:00:00,3,0.5,1.5,38.33333,52.33333,15.2,45.8
2004-04-27 04:00:00,4,0.56667,2.5,34.0,49.0,14.7,49.9
2004-04-27 05:00:00,5,0.7,3.3,58.0,68.0,15.5,47.3
2004-04-27 06:00:00,6,1.4,8.9,112.0,76.0,14.4,53.1
2004-04-27 07:00:00,7,4.1,23.4,314.0,122.0,15.9,48.5
2004-04-27 08:00:00,8,4.6,23.8,240.0,129.0,18.1,40.3
2004-04-27 09:00:00,9,1.9,7.9,128.0,94.0,19.6,35.9
2004-04-27 10:00:00,10,1.9,8.2,141.0,99.0,22.8,29.1
2004-04-27 11:00:00,11,1.7,8.8,118.0,81.0,24.8,25.3
2004-04-27 12:00:00,12,2.4,14.6,132.0,87.0,27.2,22.0
2004-04-27 13:00:00,13,3.0,18.0,150.0,107.0,28.2,20.4
2004-04-27 14:00:00,14,2.0,12.0,121.0,95.0,25.4,24.2
2004-04-27 15:00:00,15,2.7,14.8,149.0,110.0,25.7,23.8
2004-04-27 16:00:00,16,2.2,12.5,120.0,99.0,27.2,22.1
2004-04-27 17:00:00,17,2.9,15.5,155.0,113.0,27.0,22.3
2004-04-27 18:00:00,18,3.4,17.7,172.0,127.0,24.5,27.8
2004-04-27 19:00:00,19,3.9,21.6,177.0,131.0,23.7,30.2
2004-04-27 20:00:00,20,3.6,18.9,181.0,137.0,21.5,34.5
2004-04-27 21:00:00,21,2.5,12.5,135.0,122.0,19.9,37.8
2004-04-27 22:00:00,22,1.8,8.8,99.0,100.0,18.9,40.6
2004-04-27 23:00:00,23,2.0,10.9,111.0,108.0,17.9,43.5
2004-04-28 00:00:00,0,1.3,8.0,72.0,83.0,17.4,46.3
2004-04-28 01:00:00,1,1.0,4.4,54.0,74.0,18.1,44.7
2004-04-28 02:00:00,2,0.6,2.8,41.0,64.0,16.5,50.1
2004-04-28 03:00:00,3,0.6,2.7,64.33333,64.33333,14.2,56.9
2004-04-28 04:00:00,4,0.6,2.2,24.0,40.0,14.7,56.2
2004-04-28 05:00:00,5,0.5,2.5,29.0,39.0,16.3,52.8
2004-04-28 06:00:00,6,1.1,7.5,76.0,69.0,13.9,60.7
2004-04-28 07:00:00,7,5.5,30.4,321.0,104.0,15.0,58.3
2004-04-28 08:00:00,8,4.2,22.0,274.0,100.0,16.1,54.8
2004-04-28 09:00:00,9,4.6,24.7,322.0,146.0,19.3,46.4
2004-04-28 10:00:00,10,3.4,18.4,255.0,155.0,24.2,33.8
2004-04-28 11:00:00,11,2.8,16.8,196.0,139.0,26.7,28.7
2004-04-28 12:00:00,12,2.5,14.2,136.0,121.0,27.4,28.2
2004-04-28 13:00:00,13,2.4,15.7,119.0,108.0,28.1,26.9
2004-04-28 14:00:00,14,3.2,21.9,169.0,126.0,27.7,26.5
2004-04-28 15:00:00,15,3.5,20.8,197.0,145.0,28.4,23.4
2004-04-28 16:00:00,16,2.9,16.2,140.0,121.0,28.4,26.0
2004-04-28 17:00:00,17,3.6,19.8,178.0,145.0,27.3,30.0
2004-04-28 18:00:00,18,4.8,28.9,223.0,160.0,24.3,37.3
2004-04-28 19:00:00,19,5.4,28.3,222.0,155.0,23.1,42.2
2004-04-28 20:00:00,20,5.3,24.9,265.0,162.0,21.8,43.6
2004-04-28 21:00:00,21,2.7,13.1,151.0,129.0,19.8,46.8
2004-04-28 22:00:00,22,1.4,8.6,79.0,96.0,19.6,49.8
2004-04-28 23:00:00,23,1.6,9.5,87.0,92.0,17.9,56.2
2004-04-29 00:00:00,0,1.5,7.8,88.0,89.0,17.4,55.6
2004-04-29 01:00:00,1,1.0,5.2,51.0,61.0,16.8,59.5
2004-04-29 02:00:00,2,0.6,2.8,34.0,54.0,15.9,60.1
2004-04-29 03:00:00,3,0.4,2.3,41.0,50.0,15.6,61.2
2004-04-29 04:00:00,4,0.76667,2.5,31.0,44.0,14.6,63.4
2004-04-29 05:00:00,5,0.8,4.4,76.0,57.0,13.3,67.0
2004-04-29 06:00:00,6,1.5,9.4,139.0,68.0,12.9,66.5
2004-04-29 07:00:00,7,4.9,29.8,293.0,95.0,14.8,61.3
2004-04-29 08:00:00,8,7.2,36.2,368.0,125.0,16.1,56.5
2004-04-29 09:00:00,9,3.5,18.0,250.0,135.0,18.6,47.8
2004-04-29 10:00:00,10,2.1,10.9,145.0,118.0,23.8,30.2
2004-04-29 11:00:00,11,1.5,9.0,110.0,91.0,25.4,25.0
2004-04-29 12:00:00,12,2.0,14.4,104.0,89.0,25.6,25.5
2004-04-29 13:00:00,13,3.8,22.3,205.0,129.0,24.9,29.9
2004-04-29 14:00:00,14,3.4,20.9,201.0,122.0,22.4,37.9
2004-04-29 15:00:00,15,4.4,23.1,266.0,138.0,21.7,44.0
2004-04-29 16:00:00,16,3.9,21.2,246.0,136.0,21.4,44.4
2004-04-29 17:00:00,17,4.9,24.8,247.0,143.0,20.8,45.3
2004-04-29 18:00:00,18,5.4,28.6,271.0,145.0,20.2,48.6
2004-04-29 19:00:00,19,6.5,32.6,332.0,146.0,20.2,50.8
2004-04-29 20:00:00,20,4.3,19.2,245.0,122.0,18.6,57.6
2004-04-29 21:00:00,21,2.9,16.3,180.0,112.0,18.2,58.8
2004-04-29 22:00:00,22,2.7,13.7,156.0,102.0,17.8,61.0
2004-04-29 23:00:00,23,2.8,13.6,172.0,97.0,17.0,70.7
2004-04-30 00:00:00,0,2.3,11.1,137.0,85.0,16.2,76.9
2004-04-30 01:00:00,1,1.7,7.6,91.0,76.0,15.7,78.6
2004-04-30 02:00:00,2,1.2,5.9,80.0,74.0,15.7,78.4
2004-04-30 03:00:00,3,1.0,5.0,54.66667,64.0,15.7,77.4
2004-04-30 04:00:00,4,0.76667,4.0,46.0,56.0,15.4,78.5
2004-04-30 05:00:00,5,0.8,4.5,68.0,66.0,15.7,74.7
2004-04-30 06:00:00,6,1.7,9.3,162.0,90.0,15.9,73.1
2004-04-30 07:00:00,7,3.0,18.3,213.0,111.0,16.6,68.2
2004-04-30 08:00:00,8,3.4,19.9,161.0,103.0,18.7,57.6
2004-04-30 09:00:00,9,3.3,16.6,209.0,117.0,17.6,65.0
2004-04-30 10:00:00,10,2.7,12.6,191.0,116.0,16.3,73.2
2004-04-30 11:00:00,11,2.6,12.9,215.0,109.0,16.0,78.5
2004-04-30 12:00:00,12,3.2,14.9,212.0,116.0,17.3,72.4
2004-04-30 13:00:00,13,3.4,17.4,202.0,115.0,19.4,60.9
2004-04-30 14:00:00,14,2.6,15.4,153.0,94.0,21.4,50.9
2004-04-30 15:00:00,15,3.4,16.7,185.0,121.0,22.7,45.8
2004-04-30 16:00:00,16,4.0,18.0,210.0,114.0,20.9,60.8
2004-04-30 17:00:00,17,4.5,19.2,215.0,110.0,21.0,54.3
2004-04-30 18:00:00,18,4.2,21.0,215.0,122.0,20.8,54.4
2004-04-30 19:00:00,19,5.7,26.9,281.0,135.0,19.8,58.6
2004-04-30 20:00:00,20,4.4,19.5,254.0,133.0,19.1,61.1
2004-04-30 21:00:00,21,3.1,15.1,189.0,110.0,18.2,65.4
2004-04-30 22:00:00,22,3.0,14.6,174.0,102.0,18.1,66.1
2004-04-30 23:00:00,23,3.1,13.7,167.0,108.0,17.7,66.9
2004-05-01 00:00:00,0,3.5,15.2,185.0,110.0,17.8,66.8
2004-05-01 01:00:00,1,2.4,9.3,129.0,84.0,17.3,68.3
2004-05-01 02:00:00,2,1.6,6.5,85.0,71.0,16.5,70.2
2004-05-01 04:00:00,4,0.93333,3.5,35.0,42.0,16.2,69.9
2004-05-01 05:00:00,5,0.6,2.6,24.0,32.0,16.7,67.1
2004-05-01 06:00:00,6,0.7,3.1,30.0,35.0,16.7,66.9
2004-05-01 07:00:00,7,1.2,6.5,75.0,67.0,16.9,66.5
2004-05-01 08:00:00,8,1.5,6.5,79.0,73.0,17.7,62.0
2004-05-01 09:00:00,9,1.8,8.8,104.0,86.0,19.4,54.6
2004-05-01 10:00:00,10,2.1,8.8,118.0,89.0,21.6,46.1
2004-05-01 11:00:00,11,1.9,9.2,105.0,86.0,24.6,36.7
2004-05-01 12:00:00,12,2.0,9.2,101.0,86.0,26.0,31.9
2004-05-01 13:00:00,13,1.3,6.1,65.0,66.0,25.6,31.5
2004-05-01 14:00:00,14,1.3,6.5,59.0,68.0,24.8,34.8
2004-05-01 15:00:00,15,1.8,9.2,80.0,82.0,26.1,30.3
2004-05-01 16:00:00,16,2.0,8.3,98.0,91.0,25.5,33.5
2004-05-01 17:00:00,17,1.8,8.3,89.0,95.0,23.7,37.2
2004-05-01 18:00:00,18,2.4,11.0,114.0,104.0,22.3,38.9
2004-05-01 19:00:00,19,4.0,14.7,195.0,131.0,20.7,42.8
2004-05-01 20:00:00,20,2.8,10.8,156.0,112.0,19.0,51.7
2004-05-01 21:00:00,21,2.0,9.4,109.0,100.0,17.8,55.5
2004-05-01 22:00:00,22,3.6,14.8,184.0,115.0,17.4,57.6
2004-05-01 23:00:00,23,3.7,13.3,190.0,129.0,17.6,58.5
2004-05-02 00:00:00,0,2.3,8.4,105.0,99.0,17.2,59.3
2004-05-02 01:00:00,1,1.8,7.9,76.0,74.0,17.1,60.4
2004-05-02 02:00:00,2,0.9,5.5,38.0,55.0,16.4,62.2
2004-05-02 04:00:00,4,1.03333,3.3,26.0,35.0,14.8,65.8
2004-05-02 05:00:00,5,0.6,2.6,33.0,37.0,14.7,65.2
2004-05-02 06:00:00,6,0.7,3.6,57.0,45.0,13.1,70.2
2004-05-02 07:00:00,7,0.8,4.8,48.0,46.0,14.3,66.2
2004-05-02 08:00:00,8,1.2,5.9,87.0,68.0,16.0,61.6
2004-05-02 09:00:00,9,1.4,6.9,94.0,77.0,17.7,56.4
2004-05-02 10:00:00,10,1.6,8.5,89.0,79.0,21.3,44.7
2004-05-02 11:00:00,11,1.3,6.1,78.0,72.0,23.6,36.4
2004-05-02 12:00:00,12,1.3,6.2,72.0,68.0,24.3,34.0
2004-05-02 13:00:00,13,1.1,4.8,64.0,64.0,24.4,32.7
2004-05-02 14:00:00,14,1.2,6.8,70.0,73.0,24.6,31.7
2004-05-02 15:00:00,15,1.5,7.0,92.0,84.0,23.9,34.3
2004-05-02 16:00:00,16,1.1,5.5,69.0,67.0,25.9,28.1
2004-05-02 17:00:00,17,1.9,9.5,131.0,106.0,24.5,32.3
2004-05-02 18:00:00,18,2.3,11.9,144.0,114.0,22.6,39.3
2004-05-02 19:00:00,19,3.3,13.8,209.0,123.0,21.2,47.5
2004-05-02 20:00:00,20,2.6,10.7,170.0,108.0,19.9,54.9
2004-05-02 21:00:00,21,2.2,9.7,152.0,100.0,19.4,52.1
2004-05-02 22:00:00,22,2.3,10.2,171.0,118.0,19.4,42.6
2004-05-02 23:00:00,23,2.0,8.3,153.0,121.0,19.1,44.1
2004-05-03 00:00:00,0,1.6,7.1,97.0,94.0,18.0,49.3
2004-05-03 01:00:00,1,0.8,3.0,37.0,52.0,17.6,54.6
2004-05-03 02:00:00,2,0.6,2.2,26.0,39.0,16.4,62.1
2004-05-03 04:00:00,4,0.46667,1.5,25.0,33.0,16.0,61.4
2004-05-03 05:00:00,5,0.7,3.7,61.0,57.0,15.8,64.3
2004-05-03 06:00:00,6,1.3,8.2,152.0,80.0,16.0,65.8
2004-05-03 07:00:00,7,3.4,21.1,283.0,101.0,16.8,62.5
2004-05-03 08:00:00,8,4.7,26.5,320.0,109.0,16.9,66.1
2004-05-03 09:00:00,9,3.4,17.4,318.0,109.0,17.4,68.9
2004-05-03 10:00:00,10,2.5,12.9,201.0,111.0,21.4,45.0
2004-05-03 11:00:00,11,2.0,10.9,135.0,102.0,23.9,30.7
2004-05-03 12:00:00,12,1.9,11.0,127.0,96.0,26.8,25.2
2004-05-03 13:00:00,13,1.7,10.8,102.0,90.0,28.4,23.6
2004-05-03 14:00:00,14,1.4,10.0,74.0,69.0,30.3,20.1
2004-05-03 15:00:00,15,1.5,11.2,81.0,74.0,30.9,19.7
2004-05-03 16:00:00,16,2.4,16.8,129.0,102.0,30.2,20.5
2004-05-03 17:00:00,17,3.9,23.6,190.0,128.0,26.4,34.6
2004-05-03 18:00:00,18,4.2,23.3,192.0,130.0,24.9,39.4
2004-05-03 19:00:00,19,3.7,19.4,163.0,120.0,23.5,43.7
2004-05-03 20:00:00,20,3.2,13.1,149.0,113.0,19.3,63.1
2004-05-03 21:00:00,21,2.0,9.8,119.0,100.0,18.7,64.6
2004-05-03 22:00:00,22,1.1,5.3,61.0,70.0,19.5,57.1
2004-05-03 23:00:00,23,1.5,6.7,84.0,83.0,18.9,62.5
2004-05-04 00:00:00,0,1.3,5.5,79.0,81.0,18.4,65.8
2004-05-04 01:00:00,1,1.0,3.7,58.0,69.0,16.4,79.2
2004-05-04 02:00:00,2,0.6,2.2,32.0,48.0,16.1,80.0
2004-05-04 04:00:00,4,0.63333,1.5,21.0,28.0,15.6,81.0
2004-05-04 05:00:00,5,0.6,2.9,49.0,47.0,15.7,80.5
2004-05-04 06:00:00,6,1.9,9.9,180.0,88.0,16.0,80.8
2004-05-04 07:00:00,7,4.5,23.0,302.0,109.0,16.6,78.0
2004-05-04 08:00:00,8,4.3,22.3,258.0,113.0,16.1,79.2
2004-05-04 09:00:00,9,3.2,16.2,192.0,104.0,17.7,70.8
2004-05-04 10:00:00,10,1.3,7.9,84.0,65.0,20.3,54.8
2004-05-04 11:00:00,11,2.2,12.4,128.0,87.0,21.2,49.3
2004-05-04 12:00:00,12,2.6,13.6,145.0,99.0,21.5,47.9
2004-05-04 13:00:00,13,2.3,12.3,132.0,100.0,21.4,47.7
2004-05-04 14:00:00,14,2.4,12.1,136.0,105.0,20.4,54.0
2004-05-04 15:00:00,15,2.6,12.9,140.0,97.0,19.9,57.1
2004-05-04 16:00:00,16,1.2,6.3,55.0,54.0,19.9,55.2
2004-05-04 17:00:00,17,1.6,10.6,67.0,59.0,19.5,55.7
2004-05-04 18:00:00,18,3.9,20.6,191.0,109.0,18.3,62.8
2004-05-04 19:00:00,19,4.7,22.1,227.0,125.0,17.2,68.3
2004-05-04 20:00:00,20,5.4,20.8,264.0,132.0,16.1,75.2
2004-05-04 21:00:00,21,3.0,11.8,196.0,110.0,16.6,70.8
2004-05-04 22:00:00,22,0.9,4.3,43.0,53.0,18.5,56.0
2004-05-04 23:00:00,23,1.1,5.0,58.0,61.0,17.3,59.5
2004-05-05 00:00:00,0,0.7,2.3,33.0,41.0,18.6,52.3
2004-05-05 01:00:00,1,0.5,1.4,14.0,22.0,19.0,49.8
2004-05-05 02:00:00,2,0.5,1.5,18.0,28.0,15.7,64.5
2004-05-05 04:00:00,4,0.6,2.1,28.0,41.0,14.7,74.1
2004-05-05 05:00:00,5,0.8,3.5,56.0,54.0,14.6,77.1
2004-05-05 06:00:00,6,1.3,6.9,108.0,81.0,14.5,78.3
2004-05-05 07:00:00,7,3.5,19.1,251.0,107.0,15.1,76.8
2004-05-05 09:00:00,9,3.9,18.9,255.0,124.0,16.4,72.4
2004-05-05 10:00:00,10,2.9,13.0,214.0,123.0,16.3,68.6
2004-05-05 11:00:00,11,2.6,13.0,190.0,120.0,17.2,62.9
2004-05-05 12:00:00,12,3.0,14.5,182.0,113.0,17.4,61.1
2004-05-05 13:00:00,13,3.7,19.7,202.0,114.0,16.8,66.8
2004-05-05 14:00:00,14,3.9,19.4,224.0,120.0,17.3,62.6
2004-05-05 15:00:00,15,3.5,16.4,221.0,125.0,17.5,60.8
2004-05-05 16:00:00,16,2.4,11.2,126.0,88.0,17.5,59.2
2004-05-05 17:00:00,17,1.6,10.0,79.0,72.0,17.7,56.9
2004-05-05 18:00:00,18,3.0,14.6,137.0,103.0,17.1,61.5
2004-05-05 19:00:00,19,1.6,8.5,68.0,67.0,17.5,63.9
2004-05-05 20:00:00,20,2.1,9.2,96.0,79.0,15.9,70.7
2004-05-05 21:00:00,21,1.8,6.9,111.0,89.0,15.1,75.1
2004-05-05 22:00:00,22,1.1,3.7,56.0,67.0,13.9,72.5
2004-05-05 23:00:00,23,1.5,4.9,81.0,83.0,12.0,79.8
2004-05-06 00:00:00,0,1.4,4.6,79.0,76.0,12.5,75.8
2004-05-06 01:00:00,1,0.9,3.4,46.0,58.0,12.0,75.0
2004-05-06 02:00:00,2,0.5,1.2,19.0,30.0,12.6,72.2
2004-05-06 04:00:00,4,0.63333,1.2,15.0,22.0,13.1,67.1
2004-05-06 05:00:00,5,0.6,2.3,48.0,50.0,13.2,64.6
2004-05-06 06:00:00,6,1.3,6.1,128.0,92.0,13.1,65.6
2004-05-06 07:00:00,7,2.9,16.8,193.0,101.0,14.7,58.5
2004-05-06 08:00:00,8,3.6,20.3,203.0,121.0,15.9,53.1
2004-05-06 09:00:00,9,3.4,16.4,220.0,130.0,17.9,46.1
2004-05-06 10:00:00,10,2.5,12.5,161.0,114.0,20.2,37.7
2004-05-06 11:00:00,11,2.1,9.8,135.0,100.0,18.5,42.8
2004-05-06 12:00:00,12,1.1,5.2,57.0,56.0,13.0,64.3
2004-05-06 13:00:00,13,1.8,8.9,91.0,75.0,15.1,54.5
2004-05-06 14:00:00,14,3.0,14.1,219.0,121.0,13.6,65.5
2004-05-06 15:00:00,15,3.1,12.7,239.0,128.0,12.3,78.3
2004-05-06 16:00:00,16,3.6,14.6,209.0,139.0,12.7,74.2
2004-05-06 17:00:00,17,3.3,12.4,169.0,122.0,14.4,64.2
2004-05-06 18:00:00,18,1.8,9.4,92.0,92.0,15.6,58.3
2004-05-06 19:00:00,19,2.1,11.0,107.0,97.0,15.0,61.4
2004-05-06 20:00:00,20,2.2,8.9,122.0,98.0,13.7,65.8
2004-05-06 21:00:00,21,1.6,6.6,100.0,93.0,12.3,66.4
2004-05-06 22:00:00,22,0.9,3.9,51.0,65.0,15.4,58.8
2004-05-06 23:00:00,23,1.8,7.3,93.0,81.0,14.1,64.9
2004-05-07 00:00:00,0,2.3,8.2,145.0,102.0,13.8,64.7
2004-05-07 01:00:00,1,2.0,7.5,106.0,91.0,13.5,67.8
2004-05-07 02:00:00,2,0.9,3.3,46.0,56.0,13.7,69.4
2004-05-07 04:00:00,4,0.63333,2.2,32.0,41.0,14.0,67.8
2004-05-07 05:00:00,5,0.7,2.8,51.0,48.0,14.6,61.1
2004-05-07 06:00:00,6,1.5,7.5,89.0,72.0,14.3,60.5
2004-05-07 07:00:00,7,3.7,19.8,214.0,106.0,14.9,56.9
2004-05-07 08:00:00,8,4.2,22.1,196.0,107.0,16.4,50.2
2004-05-07 09:00:00,9,3.4,15.0,224.0,127.0,16.0,50.9
2004-05-07 10:00:00,10,2.4,9.3,174.0,114.0,18.6,42.8
2004-05-07 11:00:00,11,1.3,6.3,90.0,101.0,19.7,33.7
2004-05-07 12:00:00,12,1.5,8.2,89.0,95.0,21.2,27.7
2004-05-07 13:00:00,13,2.2,10.9,132.0,110.0,19.7,28.5
2004-05-07 14:00:00,14,1.8,9.3,114.0,101.0,19.8,29.7
2004-05-07 15:00:00,15,1.9,8.4,107.0,106.0,19.2,35.6
2004-05-07 16:00:00,16,2.3,9.4,140.0,116.0,14.2,60.5
2004-05-07 17:00:00,17,3.6,17.9,187.0,124.0,12.9,69.1
2004-05-07 18:00:00,18,4.3,17.4,222.0,133.0,12.7,70.4
2004-05-07 19:00:00,19,2.2,10.5,117.0,96.0,13.9,62.7
2004-05-07 20:00:00,20,1.5,7.5,89.0,85.0,13.9,62.9
2004-05-07 21:00:00,21,2.0,8.0,130.0,97.0,13.4,65.2
2004-05-07 22:00:00,22,2.0,7.7,133.0,97.0,13.4,64.6
2004-05-07 23:00:00,23,2.1,7.3,144.0,101.0,13.3,63.6
2004-05-08 00:00:00,0,1.5,6.4,99.0,85.0,13.3,61.8
2004-05-08 01:00:00,1,2.2,5.6,102.0,80.0,13.6,59.7
2004-05-08 02:00:00,2,0.5,1.5,27.0,33.0,14.6,53.3
2004-05-10 09:00:00,9,4.4,20.2,257.0,117.0,17.8,51.1
2004-05-10 10:00:00,10,2.5,13.4,178.0,107.0,20.0,45.0
2004-05-10 11:00:00,11,2.1,11.7,145.0,95.0,20.3,44.1
2004-05-10 12:00:00,12,2.4,13.4,137.0,93.0,20.7,42.4
2004-05-10 13:00:00,13,2.2,12.9,139.0,104.0,20.8,40.6
2004-05-10 14:00:00,14,2.2,13.4,130.0,102.0,21.5,39.7
2004-05-10 15:00:00,15,2.3,13.7,148.0,109.0,25.0,30.1
2004-05-10 16:00:00,16,2.1,14.2,120.0,97.0,25.2,29.7
2004-05-10 17:00:00,17,2.5,17.8,132.0,104.0,23.4,32.0
2004-05-10 18:00:00,18,3.6,22.0,188.0,124.0,21.0,37.8
2004-05-10 19:00:00,19,4.0,24.4,204.0,135.0,19.2,45.7
2004-05-10 20:00:00,20,3.0,16.3,167.0,122.0,17.7,50.9
2004-05-10 21:00:00,21,2.1,12.4,128.0,109.0,16.8,53.6
2004-05-10 22:00:00,22,1.7,9.6,106.0,95.0,15.8,56.2
2004-05-10 23:00:00,23,1.1,6.4,88.0,86.0,16.0,56.5
2004-05-11 00:00:00,0,0.9,6.0,77.0,78.0,14.2,64.1
2004-05-11 01:00:00,1,0.4,2.8,36.0,53.0,15.0,59.8
2004-05-11 02:00:00,2,0.2,1.6,28.0,43.0,14.3,61.9
2004-05-11 04:00:00,4,1.13333,1.8,46.0,53.0,11.4,70.5
2004-05-11 05:00:00,5,0.6,3.6,55.0,48.0,12.0,68.0
2004-05-11 06:00:00,6,1.4,8.4,135.0,64.0,11.3,70.4
2004-05-11 07:00:00,7,4.6,27.5,327.0,95.0,12.7,65.6
2004-05-11 08:00:00,8,5.5,31.0,383.0,120.0,14.5,59.8
2004-05-11 09:00:00,9,4.8,26.0,366.0,153.0,17.5,49.8
2004-05-11 10:00:00,10,4.5,22.6,322.0,163.0,21.9,35.2
2004-05-11 11:00:00,11,3.0,18.3,188.0,119.0,23.5,29.5
2004-05-11 12:00:00,12,2.5,13.9,144.0,96.0,24.3,29.8
2004-05-11 13:00:00,13,2.3,14.4,132.0,94.0,23.8,31.7
2004-05-11 14:00:00,14,2.0,11.6,117.0,86.0,24.2,31.2
2004-05-11 15:00:00,15,1.9,12.2,121.0,91.0,26.5,27.2
2004-05-11 16:00:00,16,1.9,12.4,124.0,97.0,25.7,28.4
2004-05-11 17:00:00,17,3.5,21.1,188.0,125.0,26.3,27.5
2004-05-11 18:00:00,18,4.6,29.9,226.0,140.0,24.4,31.6
2004-05-11 19:00:00,19,6.3,34.3,266.0,158.0,23.1,35.3
2004-05-11 20:00:00,20,5.0,26.1,269.0,159.0,21.1,40.2
2004-05-11 21:00:00,21,3.3,18.1,183.0,128.0,19.2,52.3
2004-05-11 22:00:00,22,2.7,14.2,167.0,114.0,18.1,58.7
2004-05-11 23:00:00,23,2.2,12.4,138.0,100.0,17.3,58.8
2004-05-12 00:00:00,0,1.7,8.7,105.0,88.0,16.9,58.8
2004-05-12 01:00:00,1,0.8,5.2,54.0,67.0,17.6,57.6
2004-05-12 02:00:00,2,0.8,4.6,58.0,65.0,15.6,63.9
2004-05-12 04:00:00,4,0.83333,2.7,37.0,47.0,15.6,62.2
2004-05-12 05:00:00,5,0.8,4.7,84.0,57.0,14.0,68.3
2004-05-12 06:00:00,6,1.5,9.6,134.0,73.0,14.5,65.7
2004-05-12 07:00:00,7,4.1,23.6,279.0,95.0,15.5,62.2
2004-05-12 08:00:00,8,5.9,37.4,333.0,110.0,17.0,56.8
2004-05-12 09:00:00,9,5.1,26.6,336.0,121.0,18.8,52.4
2004-05-12 10:00:00,10,3.9,22.0,280.0,108.0,19.7,51.9
2004-05-12 11:00:00,11,3.4,17.9,275.0,125.0,20.9,44.6
2004-05-12 12:00:00,12,3.3,22.7,207.0,117.0,21.9,43.3
2004-05-12 13:00:00,13,5.1,29.3,305.0,131.0,20.4,55.7
2004-05-12 14:00:00,14,3.1,14.7,236.0,126.0,17.4,67.0
2004-05-12 15:00:00,15,2.5,12.6,183.0,114.0,17.1,64.0
2004-05-12 16:00:00,16,2.4,12.7,162.0,123.0,17.3,61.1
2004-05-12 17:00:00,17,2.8,13.0,157.0,116.0,17.7,56.3
2004-05-12 18:00:00,18,2.9,13.4,136.0,107.0,17.4,48.6
2004-05-12 19:00:00,19,3.4,14.8,166.0,123.0,17.6,43.7
2004-05-12 20:00:00,20,2.2,9.4,136.0,112.0,16.7,47.2
2004-05-12 21:00:00,21,1.6,6.9,112.0,101.0,16.8,45.6
2004-05-12 22:00:00,22,1.3,5.2,87.0,91.0,16.1,52.0
2004-05-12 23:00:00,23,1.3,5.7,86.0,88.0,15.5,57.1
2004-05-13 00:00:00,0,1.6,6.5,98.0,96.0,16.2,50.2
2004-05-13 01:00:00,1,1.2,4.7,62.0,75.0,16.4,50.5
2004-05-13 02:00:00,2,0.6,2.5,32.0,47.0,16.2,52.8
2004-05-13 04:00:00,4,0.76667,1.0,21.0,25.0,16.2,53.0
2004-05-13 05:00:00,5,0.4,1.7,41.0,49.0,16.2,53.7
2004-05-13 06:00:00,6,1.0,4.5,86.0,85.0,15.9,55.3
2004-05-13 07:00:00,7,2.0,9.4,174.0,106.0,16.2,55.6
2004-05-13 08:00:00,8,3.6,17.9,264.0,136.0,16.0,59.3
2004-05-13 09:00:00,9,2.4,10.6,211.0,119.0,16.6,55.6
2004-05-13 10:00:00,10,2.4,11.0,208.0,122.0,17.4,51.8
2004-05-13 11:00:00,11,1.6,7.2,139.0,90.0,17.6,49.7
2004-05-13 12:00:00,12,1.9,8.7,138.0,97.0,17.2,52.8
2004-05-13 13:00:00,13,2.4,11.1,142.0,98.0,18.2,49.6
2004-05-13 14:00:00,14,1.7,7.9,131.0,93.0,19.5,45.0
2004-05-13 15:00:00,15,2.1,9.8,132.0,98.0,19.5,45.5
2004-05-13 16:00:00,16,3.1,16.4,178.0,123.0,19.8,44.3
2004-05-13 17:00:00,17,4.6,22.6,228.0,148.0,20.3,43.1
2004-05-13 18:00:00,18,4.5,20.2,232.0,148.0,20.3,44.4
2004-05-13 19:00:00,19,3.9,21.7,204.0,133.0,19.8,47.9
2004-05-13 20:00:00,20,4.6,21.2,250.0,141.0,19.1,52.3
2004-05-13 21:00:00,21,3.3,15.9,208.0,131.0,18.2,54.7
2004-05-13 22:00:00,22,2.7,12.0,158.0,121.0,17.8,55.0
2004-05-13 23:00:00,23,3.3,17.4,197.0,123.0,17.5,56.4
2004-05-14 00:00:00,0,2.5,15.0,152.0,107.0,17.3,57.8
2004-05-14 01:00:00,1,2.1,11.1,112.0,104.0,16.8,57.5
2004-05-14 02:00:00,2,1.3,6.9,75.0,91.0,16.3,57.0
2004-05-14 04:00:00,4,1.06667,6.1,74.0,87.0,15.5,59.9
2004-05-14 05:00:00,5,1.2,6.5,116.0,102.0,16.0,58.3
2004-05-14 06:00:00,6,1.5,8.4,118.0,95.0,17.2,52.3
2004-05-14 07:00:00,7,3.7,22.8,272.0,140.0,18.5,49.4
2004-05-14 09:00:00,9,3.3,13.6,258.0,138.0,21.0,37.9
2004-05-14 10:00:00,10,2.5,11.1,186.0,113.0,22.8,32.4
2004-05-14 11:00:00,11,1.9,10.0,130.0,101.0,25.5,25.6
2004-05-14 12:00:00,12,2.0,10.5,134.0,97.0,25.9,23.6
2004-05-14 13:00:00,13,2.5,13.0,148.0,114.0,27.7,20.8
2004-05-14 14:00:00,14,2.1,12.5,147.0,110.0,27.1,21.6
2004-05-14 15:00:00,15,2.1,11.4,123.0,103.0,28.4,20.2
2004-05-14 16:00:00,16,2.3,13.1,138.0,119.0,28.1,21.9
2004-05-14 17:00:00,17,3.0,14.9,162.0,126.0,27.6,22.3
2004-05-14 18:00:00,18,4.1,19.1,214.0,144.0,25.2,24.3
2004-05-14 19:00:00,19,4.5,21.8,230.0,164.0,24.6,25.1
2004-05-14 20:00:00,20,3.5,16.1,191.0,148.0,23.1,27.2
2004-05-14 21:00:00,21,2.1,11.6,128.0,119.0,22.0,28.6
2004-05-14 22:00:00,22,2.3,12.4,138.0,111.0,20.8,34.5
2004-05-14 23:00:00,23,1.9,10.4,126.0,115.0,20.4,35.3
2004-05-15 00:00:00,0,1.9,9.7,107.0,103.0,19.1,38.3
2004-05-15 01:00:00,1,1.2,5.7,67.0,81.0,18.0,40.5
2004-05-15 02:00:00,2,1.0,5.4,55.0,71.0,17.4,43.4
2004-05-15 04:00:00,4,0.8,4.4,48.0,58.0,14.6,51.4
2004-05-15 05:00:00,5,0.5,2.8,33.0,44.0,15.7,46.9
2004-05-15 06:00:00,6,0.6,3.9,41.0,49.0,15.3,49.7
2004-05-15 07:00:00,7,1.4,9.1,106.0,68.0,16.0,47.4
2004-05-15 08:00:00,8,2.6,13.6,208.0,108.0,17.6,43.3
2004-05-15 09:00:00,9,2.8,15.8,193.0,117.0,20.3,37.4
2004-05-15 10:00:00,10,2.6,12.7,191.0,127.0,23.1,30.3
2004-05-15 11:00:00,11,1.6,8.6,113.0,93.0,25.0,24.2
2004-05-15 12:00:00,12,1.7,9.4,111.0,94.0,25.6,23.5
2004-05-15 13:00:00,13,1.7,9.2,106.0,87.0,25.5,22.6
2004-05-15 14:00:00,14,1.3,6.4,82.0,75.0,26.1,21.1
2004-05-15 15:00:00,15,1.4,8.3,79.0,81.0,28.2,19.4
2004-05-15 16:00:00,16,1.4,8.1,90.0,86.0,27.4,20.5
2004-05-15 17:00:00,17,1.7,8.5,104.0,97.0,26.0,22.7
2004-05-15 18:00:00,18,2.3,11.0,148.0,117.0,23.8,27.1
2004-05-15 19:00:00,19,2.5,12.1,158.0,120.0,23.0,28.7
2004-05-15 20:00:00,20,3.3,15.0,234.0,149.0,21.7,31.8
2004-05-15 21:00:00,21,2.2,10.2,163.0,124.0,20.9,33.2
2004-05-15 22:00:00,22,1.6,9.9,95.0,97.0,20.2,34.3
2004-05-15 23:00:00,23,2.6,12.0,146.0,112.0,19.6,37.0
2004-05-16 00:00:00,0,2.3,10.5,102.0,95.0,18.1,40.9
2004-05-16 01:00:00,1,1.5,7.1,90.0,88.0,17.0,43.3
2004-05-16 02:00:00,2,0.9,4.6,41.0,54.0,16.7,43.4
2004-05-16 04:00:00,4,0.6,2.6,30.0,43.0,15.2,45.5
2004-05-16 05:00:00,5,0.4,2.2,32.0,45.0,13.5,50.1
2004-05-16 06:00:00,6,0.4,2.0,34.0,47.0,14.2,49.9
2004-05-16 07:00:00,7,0.8,4.2,57.0,58.0,13.8,51.4
2004-05-16 08:00:00,8,0.9,5.2,73.0,69.0,16.3,45.1
2004-05-16 09:00:00,9,1.6,8.2,119.0,89.0,19.2,35.4
2004-05-16 10:00:00,10,2.0,9.8,138.0,105.0,25.5,21.1
2004-05-16 11:00:00,11,1.6,7.9,96.0,92.0,28.2,19.0
2004-05-16 12:00:00,12,1.4,7.7,80.0,82.0,29.5,19.8
2004-05-16 13:00:00,13,0.9,4.8,45.0,56.0,30.6,19.4
2004-05-16 14:00:00,14,0.9,5.3,45.0,60.0,29.9,22.0
2004-05-16 15:00:00,15,1.2,7.1,54.0,64.0,31.5,21.9
2004-05-16 16:00:00,16,1.4,9.2,66.0,85.0,31.2,24.6
2004-05-16 17:00:00,17,1.9,10.1,95.0,107.0,30.4,26.5
2004-05-16 18:00:00,18,1.8,9.9,99.0,106.0,26.8,33.5
2004-05-16 19:00:00,19,2.7,15.1,147.0,125.0,25.5,37.4
2004-05-16 20:00:00,20,2.4,10.6,129.0,118.0,23.7,39.4
2004-05-16 21:00:00,21,1.6,7.0,96.0,95.0,22.9,37.0
2004-05-16 22:00:00,22,1.4,5.9,92.0,97.0,20.8,36.3
2004-05-16 23:00:00,23,1.4,5.6,88.0,93.0,20.3,28.5
2004-05-17 00:00:00,0,1.4,5.4,89.0,85.0,19.6,26.5
2004-05-17 01:00:00,1,0.9,3.7,52.0,67.0,19.1,25.9
2004-05-17 02:00:00,2,0.5,1.8,25.0,37.0,18.4,27.6
2004-05-17 04:00:00,4,0.53333,1.4,28.0,40.0,16.3,34.1
2004-05-17 05:00:00,5,0.5,3.5,65.0,75.0,15.8,36.5
2004-05-17 06:00:00,6,1.3,7.0,132.0,102.0,16.0,38.1
2004-05-17 07:00:00,7,2.6,14.4,216.0,113.0,17.6,35.0
2004-05-17 08:00:00,8,2.0,8.9,180.0,142.0,18.5,31.2
2004-05-17 09:00:00,9,1.8,8.6,140.0,90.0,19.8,28.5
2004-05-17 10:00:00,10,1.7,8.5,141.0,94.0,22.3,24.1
2004-05-17 11:00:00,11,1.5,8.3,123.0,92.0,24.2,21.7
2004-05-17 12:00:00,12,1.9,10.1,129.0,97.0,25.1,20.8
2004-05-17 13:00:00,13,1.7,9.1,115.0,88.0,25.8,19.5
2004-05-17 14:00:00,14,1.5,8.5,104.0,86.0,26.3,18.9
2004-05-17 15:00:00,15,1.7,7.7,129.0,99.0,25.8,18.6
2004-05-17 16:00:00,16,1.7,9.0,138.0,95.0,25.7,19.4
2004-05-17 17:00:00,17,2.4,13.4,135.0,105.0,26.7,17.1
2004-05-17 18:00:00,18,3.1,15.6,163.0,121.0,24.3,19.8
2004-05-17 19:00:00,19,3.4,17.8,180.0,125.0,23.5,20.8
2004-05-17 20:00:00,20,3.0,12.7,170.0,122.0,22.0,24.0
2004-05-17 21:00:00,21,1.2,6.4,72.0,81.0,21.1,26.2
2004-05-17 22:00:00,22,1.2,7.1,69.0,73.0,20.9,28.8
2004-05-17 23:00:00,23,1.3,7.4,79.0,80.0,20.2,31.2
2004-05-18 00:00:00,0,1.0,5.2,53.0,65.0,20.0,31.5
2004-05-18 01:00:00,1,0.4,2.4,36.0,59.0,20.8,32.3
2004-05-18 02:00:00,2,0.3,2.0,30.0,50.0,20.0,34.5
2004-05-18 04:00:00,4,0.96667,1.5,15.0,23.0,18.3,40.0
2004-05-18 05:00:00,5,0.5,3.1,38.0,37.0,17.0,44.6
2004-05-18 06:00:00,6,0.9,6.3,68.0,54.0,17.1,45.3
2004-05-18 07:00:00,7,2.7,19.3,192.0,94.0,17.1,46.5
2004-05-18 08:00:00,8,6.5,38.9,346.0,139.0,18.8,39.7
2004-05-18 09:00:00,9,3.2,14.6,225.0,115.0,20.3,38.1
2004-05-18 10:00:00,10,2.4,12.3,199.0,119.0,25.3,27.0
2004-05-18 11:00:00,11,1.9,11.0,140.0,103.0,27.4,22.8
2004-05-18 12:00:00,12,2.7,15.4,162.0,123.0,30.0,20.0
2004-05-18 13:00:00,13,2.9,17.0,173.0,126.0,30.9,19.1
2004-05-18 14:00:00,14,2.0,12.5,121.0,106.0,30.6,20.2
2004-05-18 15:00:00,15,2.3,13.8,133.0,127.0,32.2,18.9
2004-05-18 16:00:00,16,1.9,10.1,96.0,105.0,31.7,19.5
2004-05-18 17:00:00,17,3.0,19.3,141.0,130.0,30.9,20.5
2004-05-18 18:00:00,18,4.4,22.7,221.0,160.0,27.5,24.7
2004-05-18 19:00:00,19,4.7,25.5,232.0,162.0,25.8,27.0
2004-05-18 20:00:00,20,3.4,15.8,174.0,135.0,23.7,30.0
2004-05-18 21:00:00,21,2.4,12.3,138.0,122.0,22.2,33.4
2004-05-18 22:00:00,22,1.2,8.7,65.0,75.0,21.1,36.5
2004-05-18 23:00:00,23,1.7,8.3,107.0,96.0,20.2,38.6
2004-05-19 00:00:00,0,1.2,7.7,70.0,84.0,19.3,43.0
2004-05-19 01:00:00,1,0.7,4.2,44.0,68.0,19.2,43.6
2004-05-19 02:00:00,2,0.5,3.0,41.0,65.0,18.4,45.7
2004-05-19 04:00:00,4,0.83333,2.2,33.0,52.0,16.3,51.4
2004-05-19 05:00:00,5,0.3,2.2,32.0,46.0,17.0,49.2
2004-05-19 06:00:00,6,0.7,5.7,46.0,54.0,16.4,52.1
2004-05-19 07:00:00,7,3.1,20.9,173.0,94.0,16.4,53.4
2004-05-19 08:00:00,8,6.2,36.7,320.0,155.0,18.6,46.8
2004-05-19 09:00:00,9,4.6,22.0,294.0,165.0,21.0,41.1
2004-05-19 10:00:00,10,2.6,13.4,182.0,134.0,26.4,28.9
2004-05-19 11:00:00,11,2.1,11.5,154.0,122.0,27.7,26.3
2004-05-19 12:00:00,12,2.0,13.4,118.0,113.0,30.1,22.1
2004-05-19 13:00:00,13,2.2,15.2,116.0,115.0,31.0,22.9
2004-05-19 14:00:00,14,2.1,13.0,121.0,118.0,31.0,22.6
2004-05-19 15:00:00,15,2.3,14.0,116.0,125.0,31.6,21.0
2004-05-19 16:00:00,16,2.5,15.5,144.0,135.0,30.4,24.7
2004-05-19 17:00:00,17,3.4,19.3,176.0,149.0,28.8,26.3
2004-05-19 18:00:00,18,4.3,21.9,214.0,162.0,26.4,30.1
2004-05-19 19:00:00,19,3.8,21.1,191.0,151.0,24.7,31.5
2004-05-19 20:00:00,20,3.8,18.4,205.0,154.0,22.9,36.5
2004-05-19 21:00:00,21,2.0,9.3,110.0,118.0,20.8,41.8
2004-05-19 22:00:00,22,1.7,9.0,95.0,103.0,19.7,47.1
2004-05-19 23:00:00,23,2.0,9.6,126.0,122.0,18.9,52.2
2004-05-20 00:00:00,0,1.5,8.2,90.0,102.0,18.5,50.1
2004-05-20 01:00:00,1,0.8,5.8,48.0,73.0,18.0,53.0
2004-05-20 02:00:00,2,0.5,3.1,38.0,59.0,18.4,51.7
2004-05-20 04:00:00,4,0.56667,1.6,14.0,26.0,19.6,47.7
2004-05-20 05:00:00,5,0.3,2.3,26.0,35.0,17.3,54.1
2004-05-20 06:00:00,6,0.9,6.6,83.0,68.0,15.8,59.0
2004-05-20 07:00:00,7,2.8,19.6,188.0,97.0,16.6,55.9
2004-05-20 08:00:00,8,5.4,32.9,253.0,146.0,18.7,52.8
2004-05-20 09:00:00,9,4.0,18.1,149.0,83.0,20.7,46.4
2004-05-20 10:00:00,10,2.2,12.4,155.0,117.0,26.1,30.0
2004-05-20 11:00:00,11,2.2,12.5,146.0,117.0,28.6,25.8
2004-05-20 12:00:00,12,2.0,12.0,121.0,108.0,30.3,23.3
2004-05-20 13:00:00,13,2.0,13.3,111.0,107.0,31.3,22.3
2004-05-20 14:00:00,14,1.9,12.3,116.0,120.0,31.1,22.3
2004-05-20 15:00:00,15,2.7,16.0,167.0,150.0,32.4,20.4
2004-05-20 16:00:00,16,2.2,13.7,145.0,138.0,32.6,19.3
2004-05-20 17:00:00,17,3.5,21.7,192.0,148.0,31.2,20.3
2004-05-20 18:00:00,18,4.1,23.7,231.0,168.0,27.7,24.8
2004-05-20 19:00:00,19,4.4,22.1,248.0,172.0,25.7,27.9
2004-05-20 20:00:00,20,4.5,20.6,267.0,179.0,24.1,29.9
2004-05-20 21:00:00,21,2.9,13.4,181.0,143.0,22.2,34.4
2004-05-20 22:00:00,22,2.6,12.8,163.0,137.0,20.7,38.0
2004-05-20 23:00:00,23,2.1,12.3,141.0,117.0,20.2,42.8
2004-05-21 00:00:00,0,1.2,6.8,78.0,93.0,20.5,42.0
2004-05-21 01:00:00,1,0.6,3.8,42.0,64.0,20.1,42.0
2004-05-21 02:00:00,2,0.3,2.5,35.0,58.0,20.0,41.5
2004-05-21 04:00:00,4,0.83333,2.8,33.0,47.0,16.5,50.2
2004-05-21 05:00:00,5,0.3,2.6,38.0,47.0,16.4,50.2
2004-05-21 06:00:00,6,0.7,7.0,65.0,62.0,14.9,54.7
2004-05-21 07:00:00,7,4.2,26.2,296.0,113.0,16.4,51.3
2004-05-21 08:00:00,8,4.8,28.2,303.0,126.0,18.2,46.2
2004-05-21 09:00:00,9,3.4,20.2,244.0,139.0,20.7,40.0
2004-05-21 10:00:00,10,2.8,17.1,216.0,148.0,26.5,27.0
2004-05-21 11:00:00,11,1.8,11.2,137.0,117.0,28.5,23.8
2004-05-21 12:00:00,12,1.9,11.6,120.0,106.0,29.7,23.7
2004-05-21 13:00:00,13,2.0,13.2,100.0,98.0,31.7,21.7
2004-05-21 14:00:00,14,1.9,12.7,103.0,98.0,31.7,21.5
2004-05-21 15:00:00,15,2.0,13.0,123.0,110.0,32.8,19.5
2004-05-21 16:00:00,16,2.3,13.5,136.0,114.0,32.5,18.6
2004-05-21 17:00:00,17,2.7,10.2,158.0,122.0,30.2,22.6
2004-05-21 18:00:00,18,3.6,20.1,216.0,155.0,27.6,25.7
2004-05-21 19:00:00,19,3.8,19.1,211.0,145.0,25.9,24.9
2004-05-21 20:00:00,20,3.5,17.5,202.0,146.0,23.9,29.4
2004-05-21 21:00:00,21,2.5,13.8,147.0,130.0,22.3,32.1
2004-05-21 22:00:00,22,2.5,13.3,160.0,126.0,20.5,35.9
2004-05-21 23:00:00,23,3.0,14.8,162.0,127.0,19.8,37.2
2004-05-22 00:00:00,0,3.7,18.0,194.0,126.0,19.1,41.9
2004-05-22 01:00:00,1,3.3,16.0,167.0,124.0,17.8,46.1
2004-05-22 02:00:00,2,1.5,9.7,91.0,93.0,17.6,47.6
2004-05-22 04:00:00,4,0.9,4.0,42.0,58.0,16.9,49.8
2004-05-22 05:00:00,5,0.5,3.6,50.0,59.0,15.8,53.8
2004-05-22 06:00:00,6,0.5,4.6,61.0,66.0,16.5,53.5
2004-05-22 07:00:00,7,1.2,9.2,107.0,80.0,17.2,52.9
2004-05-22 08:00:00,8,2.2,14.6,139.0,94.0,19.3,48.3
2004-05-22 09:00:00,9,2.2,11.7,165.0,102.0,20.6,47.1
2004-05-22 10:00:00,10,2.1,11.0,139.0,96.0,23.7,40.0
2004-05-22 11:00:00,11,1.8,11.6,113.0,91.0,25.6,32.5
2004-05-22 12:00:00,12,2.2,12.9,138.0,104.0,27.2,28.1
2004-05-22 13:00:00,13,2.0,12.6,104.0,84.0,27.9,28.1
2004-05-22 14:00:00,14,1.4,8.3,78.0,76.0,28.3,27.8
2004-05-22 15:00:00,15,1.8,10.5,97.0,87.0,29.2,27.0
2004-05-22 16:00:00,16,2.1,11.7,115.0,101.0,28.9,29.3
2004-05-22 17:00:00,17,2.8,15.8,152.0,115.0,25.4,39.8
2004-05-22 18:00:00,18,2.8,13.9,157.0,110.0,25.2,40.1
2004-05-22 19:00:00,19,2.7,15.7,132.0,103.0,24.5,39.4
2004-05-22 20:00:00,20,1.8,10.9,98.0,90.0,22.3,45.4
2004-05-22 21:00:00,21,1.2,6.4,65.0,68.0,21.2,48.3
2004-05-22 22:00:00,22,2.6,12.7,101.0,85.0,20.6,50.5
2004-05-22 23:00:00,23,3.1,15.3,134.0,100.0,20.2,52.9
2004-05-23 00:00:00,0,4.1,20.5,177.0,114.0,19.8,54.5
2004-05-23 01:00:00,1,3.6,15.9,179.0,108.0,19.5,56.2
2004-05-23 02:00:00,2,1.9,10.4,105.0,78.0,19.0,58.0
2004-05-23 04:00:00,4,1.3,4.9,49.0,55.0,18.0,57.6
2004-05-23 05:00:00,5,0.3,2.1,27.0,37.0,17.7,56.0
2004-05-23 06:00:00,6,0.4,2.2,41.0,53.0,17.9,52.4
2004-05-23 07:00:00,7,0.8,4.0,78.0,79.0,18.9,49.3
2004-05-23 08:00:00,8,0.8,4.3,68.0,65.0,20.0,48.6
2004-05-23 09:00:00,9,0.8,3.8,64.0,64.0,20.6,41.2
2004-05-23 10:00:00,10,0.8,4.1,67.0,66.0,23.6,34.0
2004-05-23 11:00:00,11,0.9,4.5,54.0,53.0,26.7,28.1
2004-05-23 12:00:00,12,1.2,5.3,67.0,69.0,26.8,28.1
2004-05-23 13:00:00,13,1.0,4.2,51.0,57.0,27.7,25.8
2004-05-23 14:00:00,14,0.8,3.3,28.0,36.0,28.8,22.7
2004-05-23 15:00:00,15,1.1,4.9,51.0,57.0,26.8,27.3
2004-05-23 16:00:00,16,1.5,6.1,77.0,73.0,25.9,28.7
2004-05-23 17:00:00,17,1.5,6.9,93.0,81.0,25.8,27.7
2004-05-23 18:00:00,18,1.4,6.8,94.0,91.0,24.8,29.5
2004-05-23 19:00:00,19,1.1,5.8,69.0,65.0,25.3,36.3
2004-05-23 20:00:00,20,0.9,5.5,57.0,56.0,23.9,40.4
2004-05-23 21:00:00,21,1.0,6.1,74.0,69.0,21.4,46.6
2004-05-23 22:00:00,22,1.1,6.0,75.0,73.0,20.5,49.3
2004-05-23 23:00:00,23,1.0,4.2,73.0,76.0,19.2,42.3
2004-05-24 00:00:00,0,0.7,4.1,56.0,67.0,19.2,37.9
2004-05-24 01:00:00,1,0.5,2.4,31.0,44.0,17.2,43.1
2004-05-24 02:00:00,2,0.2,1.0,13.0,21.0,15.8,45.2
2004-05-24 04:00:00,4,0.5,0.5,14.0,19.0,16.3,41.0
2004-05-24 05:00:00,5,0.1,0.7,23.0,29.0,16.1,36.5
2004-05-24 06:00:00,6,0.5,2.8,72.0,69.0,16.5,36.2
2004-05-24 07:00:00,7,1.6,7.8,165.0,111.0,17.5,30.9
2004-05-24 08:00:00,8,2.0,9.7,118.0,81.0,18.4,24.0
2004-05-24 09:00:00,9,1.3,6.9,85.0,56.0,19.2,23.8
2004-05-24 10:00:00,10,1.0,5.8,116.0,90.0,21.7,18.1
2004-05-24 11:00:00,11,0.9,5.5,112.0,85.0,22.3,17.0
2004-05-24 12:00:00,12,1.2,6.8,100.0,83.0,22.8,16.1
2004-05-24 13:00:00,13,1.3,7.2,109.0,85.0,23.8,14.5
2004-05-24 14:00:00,14,1.1,6.9,111.0,85.0,25.1,13.1
2004-05-24 15:00:00,15,1.2,7.5,109.0,81.0,25.8,12.9
2004-05-24 16:00:00,16,1.4,7.7,114.0,92.0,25.5,14.0
2004-05-24 17:00:00,17,2.0,12.0,139.0,108.0,24.5,15.4
2004-05-24 18:00:00,18,2.4,13.5,157.0,106.0,22.6,17.2
2004-05-24 19:00:00,19,2.1,12.0,147.0,114.0,21.2,18.9
2004-05-24 20:00:00,20,1.2,6.7,102.0,96.0,19.1,22.8
2004-05-24 21:00:00,21,0.7,4.8,73.0,77.0,18.4,24.6
2004-05-24 22:00:00,22,0.7,4.8,65.0,73.0,17.3,25.6
2004-05-24 23:00:00,23,0.8,5.0,76.0,86.0,16.5,24.9
2004-05-25 00:00:00,0,0.5,4.3,65.0,84.0,16.7,28.3
2004-05-25 01:00:00,1,0.2,2.7,41.0,56.0,15.5,32.2
2004-05-25 02:00:00,2,0.46667,0.9,17.0,31.0,17.5,29.1
2004-05-25 04:00:00,4,0.5,0.9,19.0,30.0,14.0,33.7
2004-05-25 05:00:00,5,0.1,1.7,45.0,51.0,11.6,40.0
2004-05-25 06:00:00,6,0.2,2.6,40.0,45.0,13.4,34.5
2004-05-25 07:00:00,7,1.1,8.8,101.0,82.0,15.2,31.0
2004-05-25 08:00:00,8,3.0,22.2,183.0,100.0,16.3,27.5
2004-05-25 09:00:00,9,2.1,15.3,149.0,91.0,19.2,20.0
2004-05-25 10:00:00,10,2.6,14.0,207.0,130.0,24.9,13.0
2004-05-25 11:00:00,11,3.2,18.5,289.0,155.0,28.3,9.9
2004-05-25 12:00:00,12,2.1,13.5,159.0,114.0,29.2,9.8
2004-05-25 13:00:00,13,2.2,15.8,162.0,127.0,31.6,9.2
2004-05-25 14:00:00,14,2.4,18.5,173.0,138.0,32.6,9.3
2004-05-26 10:00:00,10,2.2,14.9,188.0,136.0,26.1,23.8
2004-05-26 11:00:00,11,1.8,13.8,159.0,135.0,28.8,21.1
2004-05-26 12:00:00,12,1.6,12.3,146.0,115.0,29.6,19.4
2004-05-26 13:00:00,13,1.8,14.0,127.0,112.0,31.6,16.4
2004-05-26 14:00:00,14,1.6,11.8,128.0,112.0,32.3,13.3
2004-05-26 15:00:00,15,1.6,12.0,120.0,109.0,31.8,13.5
2004-05-26 16:00:00,16,1.3,9.7,115.0,112.0,31.8,13.8
2004-05-28 15:00:00,15,1.7,12.3,133.0,115.0,29.6,18.9
2004-05-28 16:00:00,16,1.7,12.2,131.0,117.0,28.0,23.2
2004-05-28 17:00:00,17,2.1,12.5,133.0,105.0,23.6,41.0
2004-05-28 18:00:00,18,2.2,13.9,141.0,114.0,21.5,48.1
2004-05-28 19:00:00,19,1.8,11.4,112.0,103.0,22.1,44.1
2004-05-28 20:00:00,20,1.8,10.4,147.0,119.0,20.2,47.2
2004-05-28 21:00:00,21,0.9,7.0,104.0,102.0,20.0,47.6
2004-05-28 22:00:00,22,1.0,7.0,97.0,96.0,19.8,46.8
2004-05-28 23:00:00,23,2.0,11.3,128.0,109.0,19.6,47.0
2004-05-29 00:00:00,0,1.8,9.2,138.0,119.0,19.3,46.3
2004-05-29 01:00:00,1,1.1,6.8,93.0,103.0,18.5,48.7
2004-05-29 02:00:00,2,0.6,5.1,71.0,84.0,18.0,51.4
2004-05-29 04:00:00,4,1.66667,4.3,44.0,59.0,17.7,51.9
2004-05-29 05:00:00,5,0.7,1.5,18.0,29.0,17.7,49.7
2004-05-29 06:00:00,6,0.1,2.0,41.0,45.0,17.9,46.1
2004-05-29 07:00:00,7,0.5,4.0,84.0,80.0,18.4,43.9
2004-05-29 08:00:00,8,0.6,4.0,77.0,77.0,18.9,42.1
2004-05-29 09:00:00,9,0.5,4.0,73.0,68.0,19.2,39.7
2004-05-29 10:00:00,10,0.7,4.2,72.0,66.0,20.8,36.6
2004-05-29 11:00:00,11,0.7,4.5,77.0,70.0,21.3,35.8
2004-05-29 12:00:00,12,0.9,6.0,82.0,74.0,21.8,34.9
2004-05-29 13:00:00,13,0.7,4.8,67.0,64.0,22.8,31.4
2004-05-29 14:00:00,14,0.4,3.8,59.0,60.0,22.9,31.3
2004-05-29 15:00:00,15,0.5,4.2,61.0,63.0,22.9,30.7
2004-05-29 16:00:00,16,0.6,5.1,76.0,75.0,23.8,29.2
2004-05-29 17:00:00,17,0.6,5.6,73.0,79.0,23.2,30.2
2004-05-29 18:00:00,18,0.8,5.8,87.0,83.0,22.4,31.3
2004-05-29 19:00:00,19,1.0,7.0,98.0,93.0,21.7,32.2
2004-05-29 20:00:00,20,1.2,7.9,123.0,112.0,20.8,33.2
2004-05-29 21:00:00,21,1.0,6.5,102.0,103.0,20.1,35.0
2004-05-29 22:00:00,22,1.3,8.5,102.0,93.0,19.5,36.9
2004-05-29 23:00:00,23,2.7,13.7,142.0,112.0,19.0,38.2
2004-05-30 00:00:00,0,2.7,13.8,148.0,125.0,18.5,39.4
2004-05-30 01:00:00,1,1.6,9.1,107.0,107.0,17.8,41.7
2004-05-30 02:00:00,2,0.6,6.5,61.0,76.0,19.2,42.0
2004-05-30 04:00:00,4,0.7,5.2,43.0,55.0,17.0,47.7
2004-05-30 05:00:00,5,0.1,3.1,25.0,37.0,17.2,47.2
2004-05-30 06:00:00,6,0.1,2.9,32.0,45.0,17.3,47.6
2004-05-30 07:00:00,7,0.2,3.6,48.0,61.0,18.6,44.2
2004-05-30 08:00:00,8,0.3,2.7,60.0,67.0,20.2,37.8
2004-05-30 09:00:00,9,0.3,3.0,52.0,60.0,22.0,31.9
2004-05-30 10:00:00,10,0.4,3.7,58.0,64.0,25.5,25.9
2004-05-30 11:00:00,11,0.3,3.8,54.0,64.0,27.5,22.8
2004-05-30 12:00:00,12,0.3,4.2,52.0,59.0,28.7,20.7
2004-05-30 13:00:00,13,0.1,2.6,34.0,41.0,29.1,19.6
2004-05-30 14:00:00,14,0.1,2.8,41.0,46.0,29.8,18.4
2004-05-30 15:00:00,15,0.2,4.2,41.0,46.0,32.0,15.0
2004-05-30 16:00:00,16,0.6,6.2,65.0,77.0,30.3,17.0
2004-05-30 17:00:00,17,0.5,5.2,65.0,83.0,31.7,16.2
2004-05-30 18:00:00,18,0.9,7.7,84.0,90.0,29.2,19.6
2004-05-30 19:00:00,19,1.1,8.8,89.0,95.0,27.4,23.8
2004-05-30 20:00:00,20,1.3,10.1,114.0,113.0,25.0,26.9
2004-05-30 21:00:00,21,1.5,9.8,127.0,128.0,23.6,30.1
2004-05-30 22:00:00,22,1.2,8.4,117.0,117.0,22.3,33.6
2004-05-30 23:00:00,23,0.4,5.4,46.0,64.0,21.4,36.9
2004-05-31 00:00:00,0,0.2,4.3,16.0,28.0,20.6,39.9
2004-05-31 01:00:00,1,0.3,4.8,27.0,46.0,19.7,43.2
2004-05-31 02:00:00,2,0.8,2.1,4.0,8.0,19.7,42.4
2004-05-31 04:00:00,4,0.36667,1.3,19.0,32.0,18.7,45.4
2004-05-31 05:00:00,5,0.76667,2.3,48.0,57.0,16.4,52.4
2004-05-31 06:00:00,6,0.5,6.5,82.0,60.0,16.6,52.1
2004-05-31 07:00:00,7,1.6,14.2,167.0,83.0,17.4,50.9
2004-05-31 08:00:00,8,3.6,22.7,248.0,129.0,19.3,46.0
2004-05-31 09:00:00,9,2.2,16.3,213.0,137.0,20.9,43.6
2004-05-31 10:00:00,10,1.6,14.1,161.0,121.0,25.6,33.3
2004-05-31 11:00:00,11,1.4,12.6,144.0,123.0,28.9,26.0
2004-05-31 12:00:00,12,1.4,13.1,127.0,120.0,30.3,22.8
2004-05-31 13:00:00,13,1.5,14.2,116.0,119.0,30.9,24.4
2004-05-31 14:00:00,14,1.3,13.8,124.0,121.0,30.5,26.2
2004-05-31 15:00:00,15,1.2,12.1,115.0,111.0,30.7,23.4
2004-05-31 16:00:00,16,1.8,15.7,150.0,128.0,28.1,29.8
2004-05-31 17:00:00,17,3.0,21.4,221.0,159.0,26.9,32.2
2004-05-31 18:00:00,18,3.5,25.0,227.0,161.0,26.0,34.6
2004-05-31 19:00:00,19,2.4,16.6,156.0,116.0,24.5,37.7
2004-05-31 20:00:00,20,1.1,10.7,97.0,96.0,21.7,46.9
2004-05-31 21:00:00,21,0.8,7.5,78.0,69.0,19.3,68.8
2004-05-31 22:00:00,22,0.4,5.3,60.0,58.0,17.6,81.6
2004-05-31 23:00:00,23,0.6,6.5,61.0,59.0,17.8,80.3
2004-06-01 00:00:00,0,0.3,4.7,46.0,45.0,18.6,75.7
2004-06-01 01:00:00,1,0.6,2.9,17.0,23.0,19.6,68.4
2004-06-01 02:00:00,2,0.53333,2.0,18.0,26.0,18.0,76.4
2004-06-01 04:00:00,4,0.5,1.3,16.0,24.0,16.5,82.3
2004-06-01 05:00:00,5,0.1,2.4,39.0,41.0,16.8,81.3
2004-06-01 06:00:00,6,0.3,6.1,107.0,65.0,17.3,78.6
2004-06-01 07:00:00,7,1.4,12.5,190.0,94.0,16.9,80.9
2004-06-01 08:00:00,8,2.7,19.5,236.0,100.0,17.1,79.8
2004-06-01 09:00:00,9,2.3,15.2,227.0,103.0,18.5,70.3
2004-06-01 10:00:00,10,1.8,12.0,211.0,89.0,19.6,66.7
2004-06-01 11:00:00,11,1.6,12.4,201.0,86.0,20.4,63.1
2004-06-01 12:00:00,12,1.9,15.9,191.0,89.0,21.6,61.8
2004-06-01 13:00:00,13,2.5,15.7,192.0,88.0,24.0,49.3
2004-06-01 14:00:00,14,1.6,13.5,143.0,73.0,25.7,43.8
2004-06-01 15:00:00,15,1.5,12.4,148.0,78.0,24.6,47.5
2004-06-01 16:00:00,16,2.5,17.1,183.0,95.0,24.8,47.4
2004-06-01 17:00:00,17,3.6,22.0,216.0,109.0,23.7,50.5
2004-06-01 18:00:00,18,3.5,19.9,184.0,95.0,23.0,53.8
2004-06-01 19:00:00,19,4.8,27.9,248.0,101.0,21.5,65.8
2004-06-01 20:00:00,20,3.7,19.7,221.0,88.0,21.0,66.9
2004-06-01 21:00:00,21,2.1,15.7,159.0,77.0,20.6,68.1
2004-06-01 22:00:00,22,1.6,12.0,136.0,75.0,20.5,66.9
2004-06-01 23:00:00,23,2.2,13.1,168.0,81.0,20.2,65.2
2004-06-02 00:00:00,0,0.8,9.2,95.0,57.0,19.5,68.0
2004-06-02 01:00:00,1,1.36667,7.5,70.0,49.0,19.9,66.4
2004-06-02 02:00:00,2,0.8,4.9,43.0,38.0,19.1,69.0
2004-06-02 04:00:00,4,0.73333,3.2,30.0,31.0,18.9,67.8
2004-06-02 05:00:00,5,0.63333,2.4,22.0,23.0,20.0,63.7
2004-06-02 06:00:00,6,0.6,2.8,25.0,22.0,19.8,64.7
2004-06-02 07:00:00,7,0.8,3.9,48.0,33.0,19.7,65.3
2004-06-02 08:00:00,8,1.86667,6.9,73.0,43.0,20.8,62.0
2004-06-02 09:00:00,9,1.8,8.5,95.0,53.0,22.2,56.6
2004-06-02 10:00:00,10,2.53333,8.9,86.0,54.0,24.3,49.0
2004-06-02 11:00:00,11,1.9,8.8,102.0,62.0,25.0,46.5
2004-06-02 12:00:00,12,1.76667,7.4,80.0,53.0,28.9,34.8
2004-06-02 13:00:00,13,1.36667,4.7,36.0,34.0,29.6,33.4
2004-06-02 14:00:00,14,1.16667,4.8,32.0,30.0,30.9,30.7
2004-06-02 15:00:00,15,1.96667,6.8,46.0,37.0,31.8,31.0
2004-06-02 16:00:00,16,1.83333,8.9,61.0,47.0,31.4,31.2
2004-06-02 17:00:00,17,1.96667,8.1,59.0,44.0,28.9,35.7
2004-06-02 18:00:00,18,2.13333,10.5,76.0,53.0,27.2,42.5
2004-06-02 19:00:00,19,2.56667,14.8,145.0,88.0,26.2,46.4
2004-06-02 20:00:00,20,2.23333,11.8,140.0,95.0,24.5,51.0
2004-06-02 21:00:00,21,2.23333,8.7,102.0,82.0,22.8,56.1
2004-06-02 22:00:00,22,2.56667,8.7,89.0,59.0,21.9,60.9
2004-06-02 23:00:00,23,1.6,6.9,62.0,43.0,21.7,61.0
2004-06-03 00:00:00,0,1.1,7.3,69.0,51.0,20.8,64.8
2004-06-03 01:00:00,1,1.26667,6.9,63.0,49.0,20.3,70.9
2004-06-03 02:00:00,2,0.86667,4.6,31.0,36.0,18.9,79.0
2004-06-03 04:00:00,4,0.46667,1.7,17.0,24.0,18.6,64.5
2004-06-03 05:00:00,5,0.53333,3.2,61.0,58.0,17.6,67.4
2004-06-03 06:00:00,6,1.46667,10.1,184.0,73.0,17.6,67.6
2004-06-03 07:00:00,7,2.8,19.9,248.0,74.0,19.0,61.7
2004-06-03 08:00:00,8,3.76667,20.2,220.0,97.0,20.0,57.4
2004-06-03 09:00:00,9,4.46667,20.8,243.0,108.0,22.6,45.9
2004-06-03 10:00:00,10,3.5,15.1,164.0,93.0,27.3,34.3
2004-06-05 04:00:00,4,0.7,4.5,37.0,63.0,19.6,54.8
2004-06-05 05:00:00,5,0.7,4.9,57.0,71.0,19.3,57.3
2004-06-05 06:00:00,6,1.2,7.9,131.0,91.0,19.7,58.4
2004-06-05 07:00:00,7,1.5,7.4,171.0,95.0,19.8,59.4
2004-06-05 08:00:00,8,1.5,8.0,187.0,96.0,20.9,54.8
2004-06-05 09:00:00,9,1.6,7.6,133.0,81.0,22.4,47.9
2004-06-05 10:00:00,10,1.1,5.3,87.0,68.0,24.1,41.3
2004-06-05 11:00:00,11,1.1,5.3,61.0,57.0,25.9,36.9
2004-06-05 12:00:00,12,1.4,8.0,86.0,68.0,30.7,26.0
2004-06-05 13:00:00,13,1.4,8.4,83.0,72.0,30.3,25.2
2004-06-05 14:00:00,14,1.0,6.0,61.0,62.0,30.1,25.4
2004-06-05 15:00:00,15,1.3,7.3,80.0,75.0,27.6,35.1
2004-06-05 16:00:00,16,1.9,10.2,110.0,92.0,26.6,47.6
2004-06-05 17:00:00,17,1.7,9.0,108.0,89.0,30.4,31.3
2004-06-05 18:00:00,18,2.3,14.0,134.0,105.0,27.8,35.0
2004-06-05 19:00:00,19,2.4,16.1,133.0,111.0,26.6,37.9
2004-06-05 20:00:00,20,1.8,8.2,118.0,102.0,23.4,44.4
2004-06-05 21:00:00,21,0.6,3.8,17.0,30.0,23.0,51.1
2004-06-05 22:00:00,22,0.8,5.6,26.0,43.0,22.1,53.5
2004-06-05 23:00:00,23,1.7,8.0,55.0,67.0,21.6,53.6
2004-06-06 00:00:00,0,1.1,5.6,39.0,58.0,21.9,52.7
2004-06-06 01:00:00,1,0.6,3.8,15.0,24.0,21.3,54.9
2004-06-06 02:00:00,2,1.1,6.6,47.0,58.0,17.5,79.1
2004-06-06 04:00:00,4,1.0,5.2,49.0,62.0,17.1,81.8
2004-06-06 05:00:00,5,0.5,2.4,21.0,34.0,16.6,80.2
2004-06-06 06:00:00,6,0.7,3.1,33.0,46.0,16.8,77.4
2004-06-06 07:00:00,7,1.0,5.2,63.0,62.0,18.3,66.5
2004-06-06 08:00:00,8,1.2,5.9,73.0,70.0,20.4,55.8
2004-06-06 09:00:00,9,0.7,2.8,51.0,54.0,21.6,45.3
2004-06-06 10:00:00,10,0.9,3.4,61.0,61.0,23.1,39.4
2004-06-06 11:00:00,11,0.8,3.0,52.0,53.0,25.4,31.6
2004-06-06 12:00:00,12,0.8,3.4,49.0,49.0,26.6,29.0
2004-06-06 13:00:00,13,0.5,2.3,40.0,48.0,25.9,28.8
2004-06-06 14:00:00,14,0.5,2.7,36.0,45.0,27.0,28.0
2004-06-06 15:00:00,15,0.7,3.6,51.0,60.0,23.6,38.1
2004-06-06 16:00:00,16,0.9,4.2,56.0,59.0,25.9,32.0
2004-06-06 17:00:00,17,1.0,4.9,71.0,67.0,26.3,31.5
2004-06-06 18:00:00,18,1.2,5.9,79.0,72.0,23.9,36.8
2004-06-06 19:00:00,19,1.3,6.6,117.0,88.0,23.7,36.8
2004-06-06 20:00:00,20,1.6,7.6,127.0,94.0,22.5,37.8
2004-06-06 21:00:00,21,1.4,7.0,118.0,89.0,21.8,39.2
2004-06-06 22:00:00,22,1.7,7.5,130.0,96.0,20.9,42.6
2004-06-06 23:00:00,23,1.7,8.4,131.0,98.0,20.0,45.6
2004-06-07 00:00:00,0,1.4,7.0,102.0,95.0,19.3,47.9
2004-06-07 01:00:00,1,0.8,3.9,48.0,64.0,18.7,49.0
2004-06-07 02:00:00,2,0.4,2.6,22.0,38.0,17.8,54.1
2004-06-07 04:00:00,4,0.93333,2.1,22.0,34.0,17.2,57.9
2004-06-07 05:00:00,5,0.5,2.4,44.0,40.0,18.2,54.1
2004-06-07 06:00:00,6,1.5,9.6,167.0,76.0,17.3,57.6
2004-06-07 07:00:00,7,2.6,15.4,220.0,90.0,19.9,49.4
2004-06-07 08:00:00,8,4.3,25.0,285.0,118.0,21.7,44.2
2004-06-07 09:00:00,9,3.1,15.1,272.0,118.0,23.5,40.0
2004-06-07 10:00:00,10,2.9,17.4,238.0,122.0,28.4,29.7
2004-06-07 11:00:00,11,2.5,14.1,207.0,120.0,31.6,24.1
2004-06-07 12:00:00,12,1.9,11.8,152.0,132.0,31.3,24.1
2004-06-07 13:00:00,13,2.5,14.9,185.0,115.0,34.4,20.4
2004-06-07 14:00:00,14,2.5,16.0,184.0,127.0,33.7,21.3
2004-06-07 15:00:00,15,2.8,16.5,205.0,126.0,35.9,18.9
2004-06-07 16:00:00,16,2.3,15.2,172.0,113.0,34.3,19.4
2004-06-07 17:00:00,17,3.3,18.9,227.0,124.0,33.5,19.9
2004-06-07 18:00:00,18,2.8,19.0,187.0,108.0,30.5,24.2
2004-06-07 19:00:00,19,4.8,28.9,290.0,142.0,30.3,26.2
2004-06-07 20:00:00,20,2.5,13.4,155.0,125.0,27.0,36.7
2004-06-07 21:00:00,21,2.0,10.9,108.0,116.0,24.6,41.9
2004-06-07 22:00:00,22,1.8,8.9,94.0,101.0,23.3,44.5
2004-06-07 23:00:00,23,1.7,8.5,103.0,101.0,22.4,46.9
2004-06-08 00:00:00,0,1.3,6.7,78.0,92.0,21.7,50.8
2004-06-08 01:00:00,1,0.7,4.2,38.0,55.0,21.0,51.9
2004-06-08 02:00:00,2,0.5,2.5,26.0,42.0,20.5,54.3
2004-06-08 04:00:00,4,0.3,1.4,19.0,30.0,21.0,53.1
2004-06-08 05:00:00,5,0.5,2.8,35.0,40.0,19.6,57.1
2004-06-08 06:00:00,6,1.4,8.8,126.0,69.0,18.2,62.3
2004-06-08 07:00:00,7,3.3,19.4,309.0,100.0,19.5,57.7
2004-06-08 08:00:00,8,5.8,36.1,376.0,125.0,21.6,51.7
2004-06-08 09:00:00,9,5.0,27.1,441.0,174.0,23.9,44.4
2004-06-08 10:00:00,10,3.5,19.0,309.0,171.0,28.1,35.2
2004-06-08 11:00:00,11,2.9,16.9,220.0,149.0,31.4,28.6
2004-06-08 12:00:00,12,2.5,15.7,168.0,124.0,33.7,25.5
2004-06-08 13:00:00,13,2.3,14.1,149.0,119.0,35.9,20.8
2004-06-08 14:00:00,14,2.4,16.5,160.0,130.0,37.5,18.1
2004-06-08 15:00:00,15,2.6,14.8,177.0,143.0,37.7,17.7
2004-06-08 17:00:00,17,3.5,21.4,176.0,183.0,36.6,20.6
2004-06-08 18:00:00,18,3.9,23.6,202.0,161.0,32.5,26.0
2004-06-08 19:00:00,19,4.5,25.0,255.0,170.0,30.8,27.2
2004-06-08 20:00:00,20,3.8,21.6,210.0,143.0,28.8,30.2
2004-06-08 21:00:00,21,2.8,15.7,157.0,123.0,26.7,35.4
2004-06-08 22:00:00,22,1.7,10.9,96.0,89.0,25.3,40.7
2004-06-08 23:00:00,23,1.2,8.1,59.0,67.0,24.9,41.2
2004-06-09 00:00:00,0,1.6,10.2,81.0,81.0,23.7,45.1
2004-06-09 01:00:00,1,1.0,7.5,40.0,54.0,22.5,49.0
2004-06-09 02:00:00,2,0.9,5.8,42.0,57.0,22.3,50.6
2004-06-09 04:00:00,4,0.5,3.3,31.0,51.0,20.8,54.4
2004-06-09 05:00:00,5,0.5,4.0,54.0,58.0,20.3,56.0
2004-06-09 06:00:00,6,1.0,8.1,88.0,69.0,20.5,54.8
2004-06-09 07:00:00,7,3.5,22.3,261.0,107.0,21.7,50.6
2004-06-09 08:00:00,8,6.4,36.9,357.0,151.0,23.4,46.1
2004-06-09 09:00:00,9,2.9,17.5,265.0,146.0,25.1,43.0
2004-06-09 10:00:00,10,3.4,19.3,247.0,165.0,30.1,32.8
2004-06-09 11:00:00,11,2.8,17.6,189.0,159.0,34.7,25.9
2004-06-09 12:00:00,12,2.8,18.6,168.0,174.0,37.2,23.2
2004-06-09 13:00:00,13,2.8,18.0,183.0,167.0,39.5,18.3
2004-06-09 14:00:00,14,2.3,14.0,157.0,137.0,40.6,15.3
2004-06-09 15:00:00,15,1.8,10.9,113.0,116.0,40.3,16.1
2004-06-09 16:00:00,16,2.0,11.1,140.0,125.0,40.3,14.2
2004-06-09 17:00:00,17,3.5,21.6,230.0,194.0,39.6,16.7
2004-06-09 18:00:00,18,4.9,27.6,277.0,222.0,37.3,23.4
2004-06-09 19:00:00,19,4.6,25.6,295.0,206.0,33.7,27.7
2004-06-09 20:00:00,20,3.4,18.6,212.0,162.0,30.7,32.2
2004-06-09 21:00:00,21,2.7,15.2,151.0,132.0,28.4,35.7
2004-06-09 22:00:00,22,1.9,11.7,110.0,107.0,26.5,38.6
2004-06-09 23:00:00,23,1.5,8.7,83.0,84.0,25.4,40.1
2004-06-10 00:00:00,0,1.0,7.6,48.0,61.0,24.1,43.3
2004-06-10 01:00:00,1,0.7,5.2,27.0,42.0,23.9,45.6
2004-06-10 02:00:00,2,1.0,5.9,48.0,66.0,22.0,52.8
2004-06-10 04:00:00,4,0.93333,3.3,33.0,50.0,20.1,57.3
2004-06-10 05:00:00,5,0.9,5.4,75.0,76.0,19.5,59.4
2004-06-10 06:00:00,6,1.2,8.7,101.0,78.0,20.0,56.6
2004-06-10 07:00:00,7,2.9,19.9,214.0,104.0,21.7,53.9
2004-06-10 08:00:00,8,4.8,30.4,290.0,139.0,23.7,49.0
2004-06-10 09:00:00,9,4.3,24.6,311.0,166.0,25.9,44.3
2004-06-10 10:00:00,10,3.1,16.9,234.0,151.0,30.1,34.3
2004-06-10 11:00:00,11,2.4,13.6,157.0,134.0,33.5,27.2
2004-06-10 12:00:00,12,2.8,15.3,165.0,148.0,35.4,26.1
2004-06-10 13:00:00,13,2.5,14.1,137.0,126.0,37.9,23.2
2004-06-10 14:00:00,14,2.6,17.0,149.0,144.0,39.7,18.7
2004-06-10 15:00:00,15,2.3,13.8,140.0,133.0,40.4,17.2
2004-06-10 16:00:00,16,2.4,13.6,139.0,139.0,40.0,18.8
2004-06-10 17:00:00,17,3.5,21.2,221.0,178.0,38.9,18.8
2004-06-10 18:00:00,18,4.8,25.9,318.0,206.0,35.8,22.1
2004-06-10 19:00:00,19,5.1,25.4,363.0,211.0,33.1,25.9
2004-06-10 20:00:00,20,4.7,23.6,341.0,180.0,30.9,28.2
2004-06-10 21:00:00,21,2.4,12.0,163.0,116.0,27.5,32.6
2004-06-10 22:00:00,22,2.5,14.2,157.0,118.0,26.3,34.3
2004-06-10 23:00:00,23,2.7,14.2,202.0,115.0,25.5,34.1
2004-06-11 00:00:00,0,1.5,10.4,102.0,96.0,24.7,39.3
2004-06-11 01:00:00,1,1.1,7.5,70.0,86.0,24.2,39.5
2004-06-11 02:00:00,2,0.6,3.5,41.0,65.0,24.8,37.8
2004-06-11 04:00:00,4,0.4,2.6,36.0,53.0,22.0,44.3
2004-06-11 05:00:00,5,0.6,4.0,68.0,74.0,19.3,51.4
2004-06-11 06:00:00,6,1.0,7.0,92.0,69.0,19.8,50.4
2004-06-11 07:00:00,7,4.6,24.8,332.0,131.0,20.5,48.2
2004-06-11 08:00:00,8,4.8,28.9,333.0,134.0,22.8,42.7
2004-06-11 09:00:00,9,4.0,21.5,298.0,148.0,25.6,35.8
2004-06-11 11:00:00,11,2.0,12.2,146.0,112.0,34.4,21.0
2004-06-11 12:00:00,12,2.0,13.1,120.0,111.0,35.9,19.6
2004-06-11 13:00:00,13,2.0,13.3,108.0,110.0,37.2,18.2
2004-06-11 14:00:00,14,1.9,12.5,109.0,110.0,37.3,16.6
2004-06-11 15:00:00,15,1.9,13.0,124.0,116.0,37.4,14.9
2004-06-11 16:00:00,16,1.9,12.3,127.0,120.0,36.4,15.1
2004-06-11 17:00:00,17,2.6,15.2,185.0,142.0,35.4,14.7
2004-06-11 18:00:00,18,3.2,19.1,230.0,146.0,34.2,14.2
2004-06-11 19:00:00,19,3.4,19.7,265.0,153.0,31.1,18.7
2004-06-11 20:00:00,20,3.4,18.6,261.0,158.0,29.1,22.0
2004-06-11 21:00:00,21,2.9,16.1,219.0,140.0,27.2,22.5
2004-06-11 22:00:00,22,2.7,15.0,180.0,127.0,25.3,24.6
2004-06-11 23:00:00,23,1.3,7.3,108.0,97.0,24.9,27.2
2004-06-12 00:00:00,0,1.3,8.9,98.0,91.0,23.5,32.2
2004-06-12 01:00:00,1,0.9,6.6,57.0,68.0,23.5,32.7
2004-06-12 02:00:00,2,0.6,4.3,36.0,52.0,24.1,32.0
2004-06-12 04:00:00,4,0.5,4.1,45.0,58.0,20.8,40.2
2004-06-12 05:00:00,5,0.9,6.0,87.0,78.0,18.8,46.6
2004-06-12 06:00:00,6,0.7,5.6,62.0,61.0,19.8,46.0
2004-06-12 07:00:00,7,0.6,4.8,65.0,64.0,21.3,42.3
2004-06-12 08:00:00,8,1.3,8.9,125.0,81.0,21.3,41.8
2004-06-12 09:00:00,9,1.9,13.1,157.0,92.0,24.0,36.6
2004-06-12 10:00:00,10,2.1,14.1,171.0,101.0,27.2,30.7
2004-06-12 11:00:00,11,1.8,11.2,119.0,96.0,32.3,23.6
2004-06-12 12:00:00,12,1.8,10.0,110.0,101.0,31.9,25.8
2004-06-12 13:00:00,13,1.6,9.6,95.0,91.0,35.1,21.8
2004-06-12 14:00:00,14,1.2,7.2,58.0,68.0,36.0,20.5
2004-06-12 15:00:00,15,1.2,8.6,69.0,76.0,37.0,20.1
2004-06-12 16:00:00,16,1.4,9.0,76.0,84.0,36.4,21.0
2004-06-12 17:00:00,17,1.3,7.9,63.0,76.0,35.2,22.6
2004-06-12 18:00:00,18,1.1,6.2,51.0,61.0,32.5,27.6
2004-06-12 19:00:00,19,1.1,6.3,46.0,52.0,29.1,35.1
2004-06-12 20:00:00,20,1.1,6.3,52.0,59.0,26.9,39.7
2004-06-12 21:00:00,21,1.8,11.2,84.0,89.0,26.1,42.2
2004-06-12 22:00:00,22,2.3,12.8,130.0,113.0,25.5,43.8
2004-06-12 23:00:00,23,2.6,13.2,147.0,112.0,24.9,45.6
2004-06-13 00:00:00,0,2.0,9.2,126.0,89.0,25.2,45.2
2004-06-13 01:00:00,1,1.0,5.8,47.0,53.0,25.4,45.5
2004-06-13 02:00:00,2,0.6,3.4,24.0,36.0,26.2,43.6
2004-06-13 04:00:00,4,0.5,3.1,25.0,39.0,24.4,48.3
2004-06-13 05:00:00,5,0.4,2.2,21.0,33.0,23.3,51.0
2004-06-13 06:00:00,6,0.4,1.5,25.0,37.0,21.6,48.1
2004-06-13 07:00:00,7,0.4,1.3,25.0,36.0,21.4,47.8
2004-06-13 08:00:00,8,0.4,1.2,30.0,42.0,20.5,46.8
2004-06-13 09:00:00,9,0.5,1.7,42.0,52.0,20.8,40.7
2004-06-13 10:00:00,10,0.6,2.5,52.0,60.0,22.3,35.3
2004-06-13 11:00:00,11,0.7,2.5,62.0,74.0,21.7,38.3
2004-06-13 12:00:00,12,0.7,2.7,67.0,65.0,24.4,29.6
2004-06-13 13:00:00,13,0.6,1.9,47.0,52.0,23.4,34.9
2004-06-13 14:00:00,14,0.5,1.8,35.0,40.0,23.5,35.2
2004-06-13 15:00:00,15,0.6,2.4,45.0,49.0,22.4,39.0
2004-06-13 16:00:00,16,0.8,2.6,53.0,56.0,22.0,41.7
2004-06-13 17:00:00,17,0.8,3.0,57.0,59.0,21.7,42.7
2004-06-13 18:00:00,18,1.0,2.9,71.0,68.0,20.7,43.4
2004-06-13 19:00:00,19,1.0,3.5,67.0,72.0,20.3,42.6
2004-06-13 20:00:00,20,1.0,3.6,75.0,78.0,20.3,44.1
2004-06-13 21:00:00,21,0.9,3.6,65.0,71.0,20.1,45.2
2004-06-13 22:00:00,22,0.7,2.3,45.0,54.0,19.8,45.7
2004-06-13 23:00:00,23,0.8,2.6,46.0,57.0,19.6,45.3
2004-06-14 00:00:00,0,0.7,2.0,33.0,45.0,19.4,45.9
2004-06-14 01:00:00,1,0.5,1.2,19.0,30.0,19.7,44.8
2004-06-14 02:00:00,2,0.3,0.7,9.0,16.0,19.5,46.3
2004-06-14 04:00:00,4,0.43333,0.5,12.0,18.0,19.1,50.7
2004-06-14 05:00:00,5,0.3,0.8,21.0,28.0,19.1,52.7
2004-06-14 06:00:00,6,0.7,3.5,66.0,62.0,20.3,49.3
2004-06-14 07:00:00,7,1.5,7.0,137.0,92.0,21.1,46.2
2004-06-14 08:00:00,8,1.8,8.7,151.0,96.0,21.5,44.5
2004-06-14 09:00:00,9,1.4,6.3,115.0,87.0,22.4,43.6
2004-06-14 10:00:00,10,1.5,7.0,118.0,84.0,24.8,39.1
2004-06-14 11:00:00,11,1.2,5.5,95.0,73.0,23.9,42.1
2004-06-14 12:00:00,12,1.2,5.3,86.0,72.0,25.5,38.3
2004-06-14 13:00:00,13,1.3,5.5,85.0,68.0,25.4,39.2
2004-06-14 14:00:00,14,1.0,3.8,66.0,62.0,25.6,37.0
2004-06-14 15:00:00,15,1.4,5.4,74.0,70.0,24.5,38.4
2004-06-14 16:00:00,16,1.6,6.7,108.0,83.0,23.9,39.9
2004-06-14 17:00:00,17,2.7,12.2,150.0,92.0,24.2,39.2
2004-06-14 18:00:00,18,2.3,10.2,157.0,103.0,23.5,41.2
2004-06-14 19:00:00,19,1.5,6.7,93.0,82.0,22.3,44.9
2004-06-14 20:00:00,20,1.4,5.7,76.0,74.0,21.7,46.5
2004-06-14 21:00:00,21,1.0,4.1,57.0,67.0,22.0,44.9
2004-06-14 22:00:00,22,1.1,4.7,64.0,74.0,22.2,44.1
2004-06-14 23:00:00,23,1.2,5.2,59.0,72.0,21.8,45.6
2004-06-15 00:00:00,0,1.2,5.1,68.0,79.0,21.6,46.0
2004-06-15 01:00:00,1,0.7,2.8,31.0,43.0,21.6,45.8
2004-06-15 02:00:00,2,0.5,1.4,21.0,33.0,20.7,48.3
2004-06-15 04:00:00,4,0.4,2.0,24.0,38.0,20.8,48.5
2004-06-15 05:00:00,5,0.5,3.0,38.0,51.0,20.8,49.4
2004-06-15 06:00:00,6,1.0,7.5,92.0,69.0,19.9,51.8
2004-06-15 07:00:00,7,4.4,24.7,311.0,116.0,20.9,49.3
2004-06-15 08:00:00,8,4.0,24.8,260.0,119.0,23.7,39.9
2004-06-15 09:00:00,9,2.4,10.9,181.0,96.0,25.3,35.8
2004-06-15 10:00:00,10,2.1,11.9,177.0,109.0,28.8,29.1
2004-06-15 11:00:00,11,2.7,16.0,180.0,115.0,30.3,26.9
2004-06-15 12:00:00,12,2.8,15.7,174.0,118.0,32.8,23.3
2004-06-15 13:00:00,13,2.3,13.1,140.0,118.0,33.9,21.4
2004-06-15 14:00:00,14,2.0,12.2,122.0,112.0,35.3,19.6
2004-06-15 15:00:00,15,2.6,15.8,189.0,140.0,34.0,20.8
2004-06-15 16:00:00,16,2.7,16.6,169.0,137.0,35.3,18.8
2004-06-15 17:00:00,17,3.1,18.4,172.0,143.0,32.6,24.1
2004-06-15 18:00:00,18,3.1,16.7,154.0,148.0,30.8,28.7
2004-06-15 19:00:00,19,3.6,20.8,192.0,158.0,28.7,31.2
2004-06-15 20:00:00,20,2.9,15.3,160.0,127.0,26.8,35.1
2004-06-15 21:00:00,21,2.2,11.5,110.0,109.0,25.3,39.4
2004-06-15 22:00:00,22,2.0,10.1,97.0,101.0,23.9,40.9
2004-06-15 23:00:00,23,2.1,10.4,124.0,114.0,23.0,44.4
2004-06-16 00:00:00,0,1.9,9.4,108.0,104.0,22.2,53.9
2004-06-16 01:00:00,1,1.4,6.9,61.0,81.0,20.9,59.8
2004-06-16 02:00:00,2,0.8,4.0,34.0,51.0,21.3,58.1
2004-06-16 04:00:00,4,0.6,2.6,24.0,40.0,20.3,58.9
2004-06-16 05:00:00,5,0.5,2.4,27.0,34.0,21.3,54.5
2004-06-16 06:00:00,6,1.0,6.8,70.0,61.0,20.6,57.4
2004-06-16 07:00:00,7,2.7,18.9,176.0,95.0,21.3,56.9
2004-06-16 08:00:00,8,5.0,30.2,310.0,142.0,22.9,52.4
2004-06-16 09:00:00,9,3.3,14.9,221.0,128.0,24.1,46.5
2004-06-16 10:00:00,10,2.4,12.2,168.0,115.0,27.1,38.8
2004-06-16 11:00:00,11,1.7,8.3,109.0,84.0,28.4,34.4
2004-06-16 12:00:00,12,1.7,9.0,102.0,85.0,30.1,30.9
2004-06-16 13:00:00,13,2.4,13.7,129.0,110.0,32.7,25.8
2004-06-16 14:00:00,14,2.2,14.1,117.0,107.0,32.4,25.7
2004-06-16 15:00:00,15,2.2,12.0,112.0,107.0,33.6,24.4
2004-06-16 16:00:00,16,2.3,12.2,122.0,113.0,33.0,26.0
2004-06-16 17:00:00,17,2.6,13.1,114.0,107.0,33.2,23.7
2004-06-16 18:00:00,18,2.3,12.6,111.0,106.0,31.3,25.4
2004-06-16 19:00:00,19,3.3,18.3,158.0,125.0,28.3,31.7
2004-06-16 20:00:00,20,3.5,17.2,202.0,139.0,26.5,35.0
2004-06-16 21:00:00,21,2.5,12.9,166.0,117.0,24.4,40.0
2004-06-16 22:00:00,22,2.5,13.7,143.0,107.0,23.3,43.4
2004-06-16 23:00:00,23,2.4,13.4,122.0,98.0,22.5,45.3
2004-06-17 00:00:00,0,2.5,13.5,113.0,97.0,21.8,47.8
2004-06-17 01:00:00,1,2.1,9.9,109.0,95.0,20.9,51.0
2004-06-17 02:00:00,2,1.0,4.4,53.0,68.0,20.8,51.7
2004-06-17 04:00:00,4,0.9,3.3,32.0,51.0,18.8,58.6
2004-06-17 05:00:00,5,0.5,3.4,35.0,44.0,20.2,53.8
2004-06-17 06:00:00,6,1.3,9.3,123.0,77.0,18.3,60.8
2004-06-17 07:00:00,7,3.6,23.4,254.0,100.0,20.2,54.5
2004-06-17 08:00:00,8,4.8,27.7,300.0,125.0,21.9,49.9
2004-06-17 09:00:00,9,3.7,22.1,281.0,154.0,25.2,43.0
2004-06-17 10:00:00,10,1.9,10.0,169.0,125.0,28.0,36.6
2004-06-17 11:00:00,11,1.7,8.9,152.0,117.0,27.1,38.3
2004-06-17 12:00:00,12,1.9,9.8,127.0,105.0,27.4,37.0
2004-06-17 13:00:00,13,1.8,9.4,118.0,103.0,29.4,32.9
2004-06-17 14:00:00,14,1.7,9.8,120.0,106.0,31.3,28.7
2004-06-17 15:00:00,15,1.8,9.5,125.0,107.0,31.5,28.7
2004-06-17 16:00:00,16,1.7,9.5,117.0,102.0,30.9,30.3
2004-06-17 17:00:00,17,2.8,15.4,166.0,124.0,31.4,30.3
2004-06-17 18:00:00,18,3.6,19.4,180.0,133.0,30.7,31.4
2004-06-17 19:00:00,19,3.3,16.5,172.0,125.0,29.0,33.4
2004-06-17 20:00:00,20,2.9,14.3,160.0,124.0,27.3,37.5
2004-06-17 21:00:00,21,1.7,8.2,103.0,97.0,25.8,40.9
2004-06-17 22:00:00,22,1.7,8.7,87.0,94.0,25.2,43.0
2004-06-17 23:00:00,23,2.8,15.2,147.0,120.0,24.6,45.8
2004-06-18 00:00:00,0,1.8,10.6,120.0,105.0,24.0,47.3
2004-06-18 01:00:00,1,1.0,6.0,63.0,81.0,23.5,48.3
2004-06-18 02:00:00,2,0.5,3.1,30.0,43.0,24.0,45.8
2004-06-18 04:00:00,4,0.3,1.8,19.0,32.0,22.8,48.1
2004-06-18 05:00:00,5,0.4,2.6,27.0,36.0,21.9,50.1
2004-06-18 06:00:00,6,0.8,6.5,65.0,59.0,20.4,54.1
2004-06-18 07:00:00,7,2.2,14.5,169.0,92.0,20.8,52.6
2004-06-18 08:00:00,8,4.4,28.8,244.0,121.0,22.8,47.9
2004-06-18 09:00:00,9,3.7,21.3,274.0,151.0,25.2,42.9
2004-06-18 10:00:00,10,2.5,14.9,202.0,142.0,29.3,34.8
2004-06-18 11:00:00,11,2.5,15.6,186.0,141.0,33.3,27.8
2004-06-18 12:00:00,12,2.3,14.3,153.0,129.0,34.9,24.9
2004-06-18 13:00:00,13,2.0,12.6,112.0,106.0,36.1,22.7
2004-06-18 14:00:00,14,2.0,13.4,117.0,125.0,37.6,21.1
2004-06-18 15:00:00,15,2.1,12.6,109.0,126.0,37.3,21.9
2004-06-18 16:00:00,16,2.4,14.8,133.0,147.0,37.2,21.6
2004-06-18 17:00:00,17,3.1,18.6,185.0,180.0,35.6,23.4
2004-06-18 18:00:00,18,2.9,16.7,167.0,164.0,33.1,24.3
2004-06-18 19:00:00,19,3.5,20.8,218.0,180.0,30.5,29.5
2004-06-18 20:00:00,20,2.9,16.0,171.0,153.0,28.7,35.8
2004-06-18 21:00:00,21,1.5,7.6,78.0,105.0,26.6,42.2
2004-06-18 22:00:00,22,1.7,10.2,84.0,98.0,25.2,46.6
2004-06-18 23:00:00,23,2.2,13.8,110.0,107.0,24.7,47.7
2004-06-19 00:00:00,0,1.6,10.4,87.0,87.0,24.4,47.4
2004-06-19 01:00:00,1,1.0,6.5,58.0,80.0,23.3,49.9
2004-06-19 02:00:00,2,0.6,4.3,39.0,62.0,23.8,47.3
2004-06-19 04:00:00,4,0.6,3.9,38.0,54.0,21.2,55.0
2004-06-19 05:00:00,5,0.5,3.0,41.0,56.0,21.7,52.6
2004-06-19 06:00:00,6,0.5,3.2,47.0,62.0,22.8,48.9
2004-06-19 07:00:00,7,0.9,5.6,72.0,72.0,23.5,47.6
2004-06-19 08:00:00,8,1.4,9.1,100.0,86.0,24.6,44.9
2004-06-19 09:00:00,9,1.6,9.7,104.0,99.0,27.0,39.9
2004-06-19 10:00:00,10,1.6,8.6,109.0,98.0,29.3,35.9
2004-06-19 11:00:00,11,1.7,9.6,103.0,102.0,31.2,32.4
2004-06-19 12:00:00,12,1.7,9.8,75.0,84.0,34.4,26.6
2004-06-19 13:00:00,13,1.5,10.3,72.0,83.0,36.1,22.1
2004-06-21 04:00:00,4,0.3,1.5,15.0,24.0,18.9,55.2
2004-06-21 05:00:00,5,0.5,3.5,52.0,43.0,18.2,57.6
2004-06-21 06:00:00,6,1.3,8.3,85.0,64.0,18.6,56.0
2004-06-21 07:00:00,7,2.5,17.3,177.0,91.0,20.8,48.0
2004-06-21 08:00:00,8,3.7,23.3,232.0,109.0,23.3,38.6
2004-06-21 09:00:00,9,2.5,13.8,201.0,110.0,25.1,32.4
2004-06-21 10:00:00,10,1.8,10.2,134.0,111.0,27.8,25.8
2004-06-21 11:00:00,11,1.5,7.9,104.0,106.0,29.6,21.0
2004-06-21 12:00:00,12,1.5,8.8,89.0,104.0,30.2,18.0
2004-06-21 13:00:00,13,1.2,7.2,66.0,76.0,30.1,18.5
2004-06-21 14:00:00,14,1.4,8.3,85.0,84.0,29.5,19.4
2004-06-21 15:00:00,15,1.6,9.6,105.0,102.0,31.1,18.2
2004-06-21 16:00:00,16,1.6,9.0,99.0,102.0,30.3,19.0
2004-06-21 17:00:00,17,2.2,12.4,132.0,124.0,30.1,19.3
2004-06-21 18:00:00,18,3.0,15.3,186.0,147.0,28.6,22.3
2004-06-21 19:00:00,19,3.0,16.1,174.0,138.0,26.1,28.3
2004-06-21 20:00:00,20,2.7,14.1,149.0,126.0,24.5,35.7
2004-06-21 21:00:00,21,2.1,11.4,114.0,112.0,23.1,41.5
2004-06-21 22:00:00,22,1.6,9.5,92.0,95.0,21.8,46.3
2004-06-21 23:00:00,23,1.3,7.4,75.0,80.0,20.9,48.9
2004-06-22 00:00:00,0,1.1,6.4,74.0,79.0,20.5,49.9
2004-06-22 01:00:00,1,0.7,4.1,35.0,49.0,20.0,50.9
2004-06-22 02:00:00,2,0.4,1.9,22.0,36.0,22.1,44.3
2004-06-22 04:00:00,4,0.2,1.2,24.0,40.0,19.8,50.3
2004-06-22 05:00:00,5,0.3,2.2,30.0,37.0,19.0,52.8
2004-06-22 06:00:00,6,0.9,6.4,93.0,67.0,17.8,56.5
2004-06-22 07:00:00,7,3.1,18.5,332.0,106.0,18.2,55.8
2004-06-22 08:00:00,8,5.0,30.2,387.0,134.0,20.6,47.7
2004-06-22 09:00:00,9,2.8,14.2,267.0,123.0,22.8,41.9
2004-06-22 10:00:00,10,2.8,14.3,269.0,136.0,27.1,31.7
2004-06-22 11:00:00,11,2.1,12.6,193.0,109.0,30.4,26.4
2004-06-22 12:00:00,12,3.1,18.0,239.0,144.0,31.1,26.2
2004-06-22 13:00:00,13,3.0,17.1,232.0,154.0,31.4,25.3
2004-06-22 14:00:00,14,2.1,13.0,152.0,126.0,30.8,26.7
2004-06-22 15:00:00,15,1.7,11.2,115.0,98.0,31.8,25.6
2004-06-22 16:00:00,16,2.2,13.6,169.0,120.0,33.5,22.9
2004-06-22 17:00:00,17,3.5,20.5,226.0,145.0,33.1,23.5
2004-06-22 18:00:00,18,3.6,20.2,218.0,139.0,31.7,25.9
2004-06-22 19:00:00,19,4.1,23.1,245.0,148.0,29.0,30.4
2004-06-22 20:00:00,20,4.0,20.3,236.0,139.0,27.4,33.6
2004-06-22 21:00:00,21,1.8,9.3,104.0,93.0,25.2,36.4
2004-06-22 22:00:00,22,1.7,10.5,104.0,96.0,24.0,39.6
2004-06-22 23:00:00,23,2.4,13.6,144.0,104.0,23.8,39.6
2004-06-23 00:00:00,0,1.2,8.0,79.0,83.0,22.9,43.6
2004-06-23 01:00:00,1,0.8,4.6,51.0,66.0,22.8,43.9
2004-06-23 02:00:00,2,0.5,3.2,38.0,55.0,21.8,47.3
2004-06-23 04:00:00,4,0.93333,2.1,24.0,37.0,20.8,50.3
2004-06-23 05:00:00,5,0.4,2.2,30.0,40.0,21.7,46.8
2004-06-23 06:00:00,6,1.0,6.7,73.0,51.0,20.3,52.3
2004-06-23 07:00:00,7,3.8,23.1,305.0,117.0,20.5,52.3
2004-06-23 08:00:00,8,3.2,19.0,295.0,110.0,21.7,49.6
2004-06-23 09:00:00,9,3.5,20.1,331.0,136.0,24.0,43.1
2004-06-23 10:00:00,10,3.2,16.4,304.0,152.0,28.5,31.7
2004-06-23 11:00:00,11,2.3,13.0,210.0,119.0,32.2,25.1
2004-06-23 12:00:00,12,2.2,13.1,163.0,106.0,34.9,20.5
